annotation_id,split,selection_category,sample_key,visual_path,sample_class,sample_id,semantic_class,counts_as_active_fire_yes_no_uncertain,visible_flame_yes_no_uncertain,residual_heat_or_hot_ground_yes_no_uncertain,smoke_occlusion_yes_no_uncertain,registration_mismatch_yes_no_uncertain,pseudo_label_semantic_ambiguity_yes_no,pseudo_label_missing_active_fire_yes_no_uncertain,pixel_mask_status,completed_mask_path,notes,timestamp,time_block_id,space_cluster_id,selection_reason,previously_reviewed_yes_no,prior_audit_ids,prior_primary_causes,prior_counts_as_active_fire,max_temperature_c,mean_temperature_c,fire_ratio,ignore_ratio,noncore_hot_ratio,corrected_rgb_path,raw_thermal_path,thermal_tiff_path,pseudo_label_path,pseudo_mask_seed_path
A001,val,reviewed_validation,fire/00001,C:\Users\钱鹏程QQ78293044\Documents\论文2\flame3_semantic_annotation_subset_150_20260808_final\visuals\A001_fire_00001.jpg,Fire,00001,,,,,,,,,not_started,,,2022-10-26 19:00:51,2,,Previously reviewed Fusion FN/FP/TP validation image retained for full-image semantic adjudication and optional pixel annotation.,yes,001_FN;002_FN;003_FN;004_FN;005_FN;053_TP,标签不确定;烟雾遮挡,yes,573.0159301757812,12.966687202453613,0.021209716796875,0.027008056640625,0.0018341064453125,G:\xiaz\FLAME 3 CV Dataset (Sycan Marsh)\Fire\RGB\Corrected FOV\00001.JPG,G:\xiaz\FLAME 3 CV Dataset (Sycan Marsh)\Fire\Thermal\Raw JPG\00001.JPG,G:\xiaz\FLAME 3 CV Dataset (Sycan Marsh)\Fire\Thermal\Celsius TIFF\00001.TIFF,G:\py2\experiments\flame3_temperature_pseudolabels_preregistered\train_mask_templates\fire\00001.png,C:\Users\钱鹏程QQ78293044\Documents\论文2\flame3_semantic_annotation_subset_150_20260808_final\pseudo_mask_seeds\A001.png
A002,val,reviewed_validation,fire/00008,C:\Users\钱鹏程QQ78293044\Documents\论文2\flame3_semantic_annotation_subset_150_20260808_final\visuals\A002_fire_00008.jpg,Fire,00008,,,,,,,,,not_started,,,2022-10-27 15:27:11,4,,Previously reviewed Fusion FN/FP/TP validation image retained for full-image semantic adjudication and optional pixel annotation.,yes,006_FN,火焰边缘,yes,595.8817749023438,12.946344375610352,0.00543212890625,0.0052886962890625,0.0001312255859375,G:\xiaz\FLAME 3 CV Dataset (Sycan Marsh)\Fire\RGB\Corrected FOV\00008.JPG,G:\xiaz\FLAME 3 CV Dataset (Sycan Marsh)\Fire\Thermal\Raw JPG\00008.JPG,G:\xiaz\FLAME 3 CV Dataset (Sycan Marsh)\Fire\Thermal\Celsius TIFF\00008.TIFF,G:\py2\experiments\flame3_temperature_pseudolabels_preregistered\train_mask_templates\fire\00008.png,C:\Users\钱鹏程QQ78293044\Documents\论文2\flame3_semantic_annotation_subset_150_20260808_final\pseudo_mask_seeds\A002.png
A003,val,reviewed_validation,fire/00019,C:\Users\钱鹏程QQ78293044\Documents\论文2\flame3_semantic_annotation_subset_150_20260808_final\visuals\A003_fire_00019.jpg,Fire,00019,,,,,,,,,not_started,,,2022-10-27 17:11:07,6,,Previously reviewed Fusion FN/FP/TP validation image retained for full-image semantic adjudication and optional pixel annotation.,yes,007_FN;008_FN,低温弱火,yes,547.9366455078125,19.421628952026367,0.0247283935546875,0.03121337890625,0.0021697998046875,G:\xiaz\FLAME 3 CV Dataset (Sycan Marsh)\Fire\RGB\Corrected FOV\00019.JPG,G:\xiaz\FLAME 3 CV Dataset (Sycan Marsh)\Fire\Thermal\Raw JPG\00019.JPG,G:\xiaz\FLAME 3 CV Dataset (Sycan Marsh)\Fire\Thermal\Celsius TIFF\00019.TIFF,G:\py2\experiments\flame3_temperature_pseudolabels_preregistered\train_mask_templates\fire\00019.png,C:\Users\钱鹏程QQ78293044\Documents\论文2\flame3_semantic_annotation_subset_150_20260808_final\pseudo_mask_seeds\A003.png
A004,val,reviewed_validation,fire/00020,C:\Users\钱鹏程QQ78293044\Documents\论文2\flame3_semantic_annotation_subset_150_20260808_final\visuals\A004_fire_00020.jpg,Fire,00020,,,,,,,,,not_started,,,2022-10-27 15:27:02,4,,Previously reviewed Fusion FN/FP/TP validation image retained for full-image semantic adjudication and optional pixel annotation.,yes,009_FN;010_FN,火焰边缘,yes,608.6897583007812,16.407079696655273,0.0066162109375,0.0052001953125,6.103515625e-05,G:\xiaz\FLAME 3 CV Dataset (Sycan Marsh)\Fire\RGB\Corrected FOV\00020.JPG,G:\xiaz\FLAME 3 CV Dataset (Sycan Marsh)\Fire\Thermal\Raw JPG\00020.JPG,G:\xiaz\FLAME 3 CV Dataset (Sycan Marsh)\Fire\Thermal\Celsius TIFF\00020.TIFF,G:\py2\experiments\flame3_temperature_pseudolabels_preregistered\train_mask_templates\fire\00020.png,C:\Users\钱鹏程QQ78293044\Documents\论文2\flame3_semantic_annotation_subset_150_20260808_final\pseudo_mask_seeds\A004.png
A005,val,reviewed_validation,fire/00057,C:\Users\钱鹏程QQ78293044\Documents\论文2\flame3_semantic_annotation_subset_150_20260808_final\visuals\A005_fire_00057.jpg,Fire,00057,,,,,,,,,not_started,,,2022-10-27 17:12:10,6,,Previously reviewed Fusion FN/FP/TP validation image retained for full-image semantic adjudication and optional pixel annotation.,yes,011_FN;025_FN,小火/远距离火;火焰边缘,yes,584.4127197265625,27.096603393554688,0.04398193359375,0.0544464111328125,0.0045654296875,G:\xiaz\FLAME 3 CV Dataset (Sycan Marsh)\Fire\RGB\Corrected FOV\00057.JPG,G:\xiaz\FLAME 3 CV Dataset (Sycan Marsh)\Fire\Thermal\Raw JPG\00057.JPG,G:\xiaz\FLAME 3 CV Dataset (Sycan Marsh)\Fire\Thermal\Celsius TIFF\00057.TIFF,G:\py2\experiments\flame3_temperature_pseudolabels_preregistered\train_mask_templates\fire\00057.png,C:\Users\钱鹏程QQ78293044\Documents\论文2\flame3_semantic_annotation_subset_150_20260808_final\pseudo_mask_seeds\A005.png
A006,val,reviewed_validation,fire/00393,C:\Users\钱鹏程QQ78293044\Documents\论文2\flame3_semantic_annotation_subset_150_20260808_final\visuals\A006_fire_00393.jpg,Fire,00393,,,,,,,,,not_started,,,2022-10-27 17:12:04,6,,Previously reviewed Fusion FN/FP/TP validation image retained for full-image semantic adjudication and optional pixel annotation.,yes,012_FN,烟雾遮挡,yes,592.6005859375,24.42571258544922,0.0353424072265625,0.0508148193359375,0.0038360595703125,G:\xiaz\FLAME 3 CV Dataset (Sycan Marsh)\Fire\RGB\Corrected FOV\00393.JPG,G:\xiaz\FLAME 3 CV Dataset (Sycan Marsh)\Fire\Thermal\Raw JPG\00393.JPG,G:\xiaz\FLAME 3 CV Dataset (Sycan Marsh)\Fire\Thermal\Celsius TIFF\00393.TIFF,G:\py2\experiments\flame3_temperature_pseudolabels_preregistered\train_mask_templates\fire\00393.png,C:\Users\钱鹏程QQ78293044\Documents\论文2\flame3_semantic_annotation_subset_150_20260808_final\pseudo_mask_seeds\A006.png
A007,val,reviewed_validation,fire/00037,C:\Users\钱鹏程QQ78293044\Documents\论文2\flame3_semantic_annotation_subset_150_20260808_final\visuals\A007_fire_00037.jpg,Fire,00037,,,,,,,,,not_started,,,2022-10-27 17:11:55,6,,Previously reviewed Fusion FN/FP/TP validation image retained for full-image semantic adjudication and optional pixel annotation.,yes,013_FN;058_TP,RGB/IR错位,yes,491.5666198730469,23.59502410888672,0.0245330810546875,0.0428955078125,0.0043731689453125,G:\xiaz\FLAME 3 CV Dataset (Sycan Marsh)\Fire\RGB\Corrected FOV\00037.JPG,G:\xiaz\FLAME 3 CV Dataset (Sycan Marsh)\Fire\Thermal\Raw JPG\00037.JPG,G:\xiaz\FLAME 3 CV Dataset (Sycan Marsh)\Fire\Thermal\Celsius TIFF\00037.TIFF,G:\py2\experiments\flame3_temperature_pseudolabels_preregistered\train_mask_templates\fire\00037.png,C:\Users\钱鹏程QQ78293044\Documents\论文2\flame3_semantic_annotation_subset_150_20260808_final\pseudo_mask_seeds\A007.png
A008,val,reviewed_validation,fire/00508,C:\Users\钱鹏程QQ78293044\Documents\论文2\flame3_semantic_annotation_subset_150_20260808_final\visuals\A008_fire_00508.jpg,Fire,00508,,,,,,,,,not_started,,,2022-10-27 17:12:16,6,,Previously reviewed Fusion FN/FP/TP validation image retained for full-image semantic adjudication and optional pixel annotation.,yes,014_FN;067_TP,烟雾遮挡,yes,608.6897583007812,28.359716415405273,0.0420166015625,0.0502166748046875,0.002789306640625,G:\xiaz\FLAME 3 CV Dataset (Sycan Marsh)\Fire\RGB\Corrected FOV\00508.JPG,G:\xiaz\FLAME 3 CV Dataset (Sycan Marsh)\Fire\Thermal\Raw JPG\00508.JPG,G:\xiaz\FLAME 3 CV Dataset (Sycan Marsh)\Fire\Thermal\Celsius TIFF\00508.TIFF,G:\py2\experiments\flame3_temperature_pseudolabels_preregistered\train_mask_templates\fire\00508.png,C:\Users\钱鹏程QQ78293044\Documents\论文2\flame3_semantic_annotation_subset_150_20260808_final\pseudo_mask_seeds\A008.png
A009,val,reviewed_validation,fire/00042,C:\Users\钱鹏程QQ78293044\Documents\论文2\flame3_semantic_annotation_subset_150_20260808_final\visuals\A009_fire_00042.jpg,Fire,00042,,,,,,,,,not_started,,,2022-10-27 17:10:55,6,,Previously reviewed Fusion FN/FP/TP validation image retained for full-image semantic adjudication and optional pixel annotation.,yes,015_FN,低温弱火,yes,608.6897583007812,30.70859146118164,0.0352935791015625,0.0330810546875,0.0027191162109375,G:\xiaz\FLAME 3 CV Dataset (Sycan Marsh)\Fire\RGB\Corrected FOV\00042.JPG,G:\xiaz\FLAME 3 CV Dataset (Sycan Marsh)\Fire\Thermal\Raw JPG\00042.JPG,G:\xiaz\FLAME 3 CV Dataset (Sycan Marsh)\Fire\Thermal\Celsius TIFF\00042.TIFF,G:\py2\experiments\flame3_temperature_pseudolabels_preregistered\train_mask_templates\fire\00042.png,C:\Users\钱鹏程QQ78293044\Documents\论文2\flame3_semantic_annotation_subset_150_20260808_final\pseudo_mask_seeds\A009.png
A010,val,reviewed_validation,fire/00444,C:\Users\钱鹏程QQ78293044\Documents\论文2\flame3_semantic_annotation_subset_150_20260808_final\visuals\A010_fire_00444.jpg,Fire,00444,,,,,,,,,not_started,,,2022-10-27 17:10:43,6,,Previously reviewed Fusion FN/FP/TP validation image retained for full-image semantic adjudication and optional pixel annotation.,yes,016_FN,烟雾遮挡,yes,608.6897583007812,31.770498275756836,0.032440185546875,0.034161376953125,0.002618408203125,G:\xiaz\FLAME 3 CV Dataset (Sycan Marsh)\Fire\RGB\Corrected FOV\00444.JPG,G:\xiaz\FLAME 3 CV Dataset (Sycan Marsh)\Fire\Thermal\Raw JPG\00444.JPG,G:\xiaz\FLAME 3 CV Dataset (Sycan Marsh)\Fire\Thermal\Celsius TIFF\00444.TIFF,G:\py2\experiments\flame3_temperature_pseudolabels_preregistered\train_mask_templates\fire\00444.png,C:\Users\钱鹏程QQ78293044\Documents\论文2\flame3_semantic_annotation_subset_150_20260808_final\pseudo_mask_seeds\A010.png
A011,val,reviewed_validation,fire/00183,C:\Users\钱鹏程QQ78293044\Documents\论文2\flame3_semantic_annotation_subset_150_20260808_final\visuals\A011_fire_00183.jpg,Fire,00183,,,,,,,,,not_started,,,2022-10-27 17:10:46,6,,Previously reviewed Fusion FN/FP/TP validation image retained for full-image semantic adjudication and optional pixel annotation.,yes,017_FN,烟雾遮挡,yes,608.6897583007812,32.23369598388672,0.03270263671875,0.0337646484375,0.002734375,G:\xiaz\FLAME 3 CV Dataset (Sycan Marsh)\Fire\RGB\Corrected FOV\00183.JPG,G:\xiaz\FLAME 3 CV Dataset (Sycan Marsh)\Fire\Thermal\Raw JPG\00183.JPG,G:\xiaz\FLAME 3 CV Dataset (Sycan Marsh)\Fire\Thermal\Celsius TIFF\00183.TIFF,G:\py2\experiments\flame3_temperature_pseudolabels_preregistered\train_mask_templates\fire\00183.png,C:\Users\钱鹏程QQ78293044\Documents\论文2\flame3_semantic_annotation_subset_150_20260808_final\pseudo_mask_seeds\A011.png
A012,val,reviewed_validation,fire/00325,C:\Users\钱鹏程QQ78293044\Documents\论文2\flame3_semantic_annotation_subset_150_20260808_final\visuals\A012_fire_00325.jpg,Fire,00325,,,,,,,,,not_started,,,2022-10-27 17:11:46,6,,Previously reviewed Fusion FN/FP/TP validation image retained for full-image semantic adjudication and optional pixel annotation.,yes,018_FN,火焰边缘,yes,496.6131896972656,19.843860626220703,0.0117645263671875,0.0315277099609375,0.00396728515625,G:\xiaz\FLAME 3 CV Dataset (Sycan Marsh)\Fire\RGB\Corrected FOV\00325.JPG,G:\xiaz\FLAME 3 CV Dataset (Sycan Marsh)\Fire\Thermal\Raw JPG\00325.JPG,G:\xiaz\FLAME 3 CV Dataset (Sycan Marsh)\Fire\Thermal\Celsius TIFF\00325.TIFF,G:\py2\experiments\flame3_temperature_pseudolabels_preregistered\train_mask_templates\fire\00325.png,C:\Users\钱鹏程QQ78293044\Documents\论文2\flame3_semantic_annotation_subset_150_20260808_final\pseudo_mask_seeds\A012.png
A013,val,reviewed_validation,fire/00131,C:\Users\钱鹏程QQ78293044\Documents\论文2\flame3_semantic_annotation_subset_150_20260808_final\visuals\A013_fire_00131.jpg,Fire,00131,,,,,,,,,not_started,,,2022-10-26 19:00:09,2,,Previously reviewed Fusion FN/FP/TP validation image retained for full-image semantic adjudication and optional pixel annotation.,yes,019_FN,火焰边缘,yes,562.7399291992188,13.584030151367188,0.00465087890625,0.0161712646484375,0.0017181396484375,G:\xiaz\FLAME 3 CV Dataset (Sycan Marsh)\Fire\RGB\Corrected FOV\00131.JPG,G:\xiaz\FLAME 3 CV Dataset (Sycan Marsh)\Fire\Thermal\Raw JPG\00131.JPG,G:\xiaz\FLAME 3 CV Dataset (Sycan Marsh)\Fire\Thermal\Celsius TIFF\00131.TIFF,G:\py2\experiments\flame3_temperature_pseudolabels_preregistered\train_mask_templates\fire\00131.png,C:\Users\钱鹏程QQ78293044\Documents\论文2\flame3_semantic_annotation_subset_150_20260808_final\pseudo_mask_seeds\A013.png
A014,val,reviewed_validation,fire/00525,C:\Users\钱鹏程QQ78293044\Documents\论文2\flame3_semantic_annotation_subset_150_20260808_final\visuals\A014_fire_00525.jpg,Fire,00525,,,,,,,,,not_started,,,2022-10-27 17:11:58,6,,Previously reviewed Fusion FN/FP/TP validation image retained for full-image semantic adjudication and optional pixel annotation.,yes,020_FN;028_FN,火焰边缘,yes,567.697998046875,25.622432708740234,0.0307952880859375,0.0447906494140625,0.0035186767578125,G:\xiaz\FLAME 3 CV Dataset (Sycan Marsh)\Fire\RGB\Corrected FOV\00525.JPG,G:\xiaz\FLAME 3 CV Dataset (Sycan Marsh)\Fire\Thermal\Raw JPG\00525.JPG,G:\xiaz\FLAME 3 CV Dataset (Sycan Marsh)\Fire\Thermal\Celsius TIFF\00525.TIFF,G:\py2\experiments\flame3_temperature_pseudolabels_preregistered\train_mask_templates\fire\00525.png,C:\Users\钱鹏程QQ78293044\Documents\论文2\flame3_semantic_annotation_subset_150_20260808_final\pseudo_mask_seeds\A014.png
A015,val,reviewed_validation,fire/00284,C:\Users\钱鹏程QQ78293044\Documents\论文2\flame3_semantic_annotation_subset_150_20260808_final\visuals\A015_fire_00284.jpg,Fire,00284,,,,,,,,,not_started,,,2022-10-27 17:12:13,6,,Previously reviewed Fusion FN/FP/TP validation image retained for full-image semantic adjudication and optional pixel annotation.,yes,021_FN;027_FN,火焰边缘,yes,608.6897583007812,28.951770782470703,0.04757080078125,0.0524932861328125,0.0033660888671875,G:\xiaz\FLAME 3 CV Dataset (Sycan Marsh)\Fire\RGB\Corrected FOV\00284.JPG,G:\xiaz\FLAME 3 CV Dataset (Sycan Marsh)\Fire\Thermal\Raw JPG\00284.JPG,G:\xiaz\FLAME 3 CV Dataset (Sycan Marsh)\Fire\Thermal\Celsius TIFF\00284.TIFF,G:\py2\experiments\flame3_temperature_pseudolabels_preregistered\train_mask_templates\fire\00284.png,C:\Users\钱鹏程QQ78293044\Documents\论文2\flame3_semantic_annotation_subset_150_20260808_final\pseudo_mask_seeds\A015.png
A016,val,reviewed_validation,fire/00197,C:\Users\钱鹏程QQ78293044\Documents\论文2\flame3_semantic_annotation_subset_150_20260808_final\visuals\A016_fire_00197.jpg,Fire,00197,,,,,,,,,not_started,,,2022-10-27 17:11:01,6,,Previously reviewed Fusion FN/FP/TP validation image retained for full-image semantic adjudication and optional pixel annotation.,yes,022_FN;030_FN,火焰边缘,yes,592.24072265625,31.9420223236084,0.0400360107421875,0.0393157958984375,0.0020050048828125,G:\xiaz\FLAME 3 CV Dataset (Sycan Marsh)\Fire\RGB\Corrected FOV\00197.JPG,G:\xiaz\FLAME 3 CV Dataset (Sycan Marsh)\Fire\Thermal\Raw JPG\00197.JPG,G:\xiaz\FLAME 3 CV Dataset (Sycan Marsh)\Fire\Thermal\Celsius TIFF\00197.TIFF,G:\py2\experiments\flame3_temperature_pseudolabels_preregistered\train_mask_templates\fire\00197.png,C:\Users\钱鹏程QQ78293044\Documents\论文2\flame3_semantic_annotation_subset_150_20260808_final\pseudo_mask_seeds\A016.png
A017,val,reviewed_validation,fire/00314,C:\Users\钱鹏程QQ78293044\Documents\论文2\flame3_semantic_annotation_subset_150_20260808_final\visuals\A017_fire_00314.jpg,Fire,00314,,,,,,,,,not_started,,,2022-10-27 17:10:58,6,,Previously reviewed Fusion FN/FP/TP validation image retained for full-image semantic adjudication and optional pixel annotation.,yes,023_FN,火焰边缘,yes,598.5872192382812,32.51051330566406,0.040069580078125,0.0386199951171875,0.0017822265625,G:\xiaz\FLAME 3 CV Dataset (Sycan Marsh)\Fire\RGB\Corrected FOV\00314.JPG,G:\xiaz\FLAME 3 CV Dataset (Sycan Marsh)\Fire\Thermal\Raw JPG\00314.JPG,G:\xiaz\FLAME 3 CV Dataset (Sycan Marsh)\Fire\Thermal\Celsius TIFF\00314.TIFF,G:\py2\experiments\flame3_temperature_pseudolabels_preregistered\train_mask_templates\fire\00314.png,C:\Users\钱鹏程QQ78293044\Documents\论文2\flame3_semantic_annotation_subset_150_20260808_final\pseudo_mask_seeds\A017.png
A018,val,reviewed_validation,fire/00396,C:\Users\钱鹏程QQ78293044\Documents\论文2\flame3_semantic_annotation_subset_150_20260808_final\visuals\A018_fire_00396.jpg,Fire,00396,,,,,,,,,not_started,,,2022-10-26 18:59:18,2,,Previously reviewed Fusion FN/FP/TP validation image retained for full-image semantic adjudication and optional pixel annotation.,yes,024_FN,火焰边缘,yes,608.6897583007812,36.58323287963867,0.0559417724609375,0.0571319580078125,0.0029449462890625,G:\xiaz\FLAME 3 CV Dataset (Sycan Marsh)\Fire\RGB\Corrected FOV\00396.JPG,G:\xiaz\FLAME 3 CV Dataset (Sycan Marsh)\Fire\Thermal\Raw JPG\00396.JPG,G:\xiaz\FLAME 3 CV Dataset (Sycan Marsh)\Fire\Thermal\Celsius TIFF\00396.TIFF,G:\py2\experiments\flame3_temperature_pseudolabels_preregistered\train_mask_templates\fire\00396.png,C:\Users\钱鹏程QQ78293044\Documents\论文2\flame3_semantic_annotation_subset_150_20260808_final\pseudo_mask_seeds\A018.png
A019,val,reviewed_validation,fire/00566,C:\Users\钱鹏程QQ78293044\Documents\论文2\flame3_semantic_annotation_subset_150_20260808_final\visuals\A019_fire_00566.jpg,Fire,00566,,,,,,,,,not_started,,,2022-10-26 18:59:21,2,,Previously reviewed Fusion FN/FP/TP validation image retained for full-image semantic adjudication and optional pixel annotation.,yes,026_FN,火焰边缘,yes,608.6897583007812,35.662010192871094,0.0550140380859375,0.053936767578125,0.002813720703125,G:\xiaz\FLAME 3 CV Dataset (Sycan Marsh)\Fire\RGB\Corrected FOV\00566.JPG,G:\xiaz\FLAME 3 CV Dataset (Sycan Marsh)\Fire\Thermal\Raw JPG\00566.JPG,G:\xiaz\FLAME 3 CV Dataset (Sycan Marsh)\Fire\Thermal\Celsius TIFF\00566.TIFF,G:\py2\experiments\flame3_temperature_pseudolabels_preregistered\train_mask_templates\fire\00566.png,C:\Users\钱鹏程QQ78293044\Documents\论文2\flame3_semantic_annotation_subset_150_20260808_final\pseudo_mask_seeds\A019.png
A020,val,reviewed_validation,fire/00515,C:\Users\钱鹏程QQ78293044\Documents\论文2\flame3_semantic_annotation_subset_150_20260808_final\visuals\A020_fire_00515.jpg,Fire,00515,,,,,,,,,not_started,,,2022-10-27 17:12:07,6,,Previously reviewed Fusion FN/FP/TP validation image retained for full-image semantic adjudication and optional pixel annotation.,yes,029_FN,火焰边缘,yes,544.7267456054688,25.183942794799805,0.0390625,0.0481781005859375,0.00478515625,G:\xiaz\FLAME 3 CV Dataset (Sycan Marsh)\Fire\RGB\Corrected FOV\00515.JPG,G:\xiaz\FLAME 3 CV Dataset (Sycan Marsh)\Fire\Thermal\Raw JPG\00515.JPG,G:\xiaz\FLAME 3 CV Dataset (Sycan Marsh)\Fire\Thermal\Celsius TIFF\00515.TIFF,G:\py2\experiments\flame3_temperature_pseudolabels_preregistered\train_mask_templates\fire\00515.png,C:\Users\钱鹏程QQ78293044\Documents\论文2\flame3_semantic_annotation_subset_150_20260808_final\pseudo_mask_seeds\A020.png
A021,val,reviewed_validation,fire/00269,C:\Users\钱鹏程QQ78293044\Documents\论文2\flame3_semantic_annotation_subset_150_20260808_final\visuals\A021_fire_00269.jpg,Fire,00269,,,,,,,,,not_started,,,2022-10-25 16:54:13,0a,,Previously reviewed Fusion FN/FP/TP validation image retained for full-image semantic adjudication and optional pixel annotation.,yes,031_FP;042_FP,热地面或余热,no,187.42364501953125,16.1712646484375,0.0,0.0,0.03865966796875,G:\xiaz\FLAME 3 CV Dataset (Sycan Marsh)\Fire\RGB\Corrected FOV\00269.JPG,G:\xiaz\FLAME 3 CV Dataset (Sycan Marsh)\Fire\Thermal\Raw JPG\00269.JPG,G:\xiaz\FLAME 3 CV Dataset (Sycan Marsh)\Fire\Thermal\Celsius TIFF\00269.TIFF,G:\py2\experiments\flame3_temperature_pseudolabels_preregistered\train_mask_templates\fire\00269.png,C:\Users\钱鹏程QQ78293044\Documents\论文2\flame3_semantic_annotation_subset_150_20260808_final\pseudo_mask_seeds\A021.png
A022,val,reviewed_validation,fire/00077,C:\Users\钱鹏程QQ78293044\Documents\论文2\flame3_semantic_annotation_subset_150_20260808_final\visuals\A022_fire_00077.jpg,Fire,00077,,,,,,,,,not_started,,,2022-10-25 16:54:16,0a,,Previously reviewed Fusion FN/FP/TP validation image retained for full-image semantic adjudication and optional pixel annotation.,yes,032_FP,热地面或余热,no,187.42364501953125,14.477490425109863,0.0,0.0,0.031005859375,G:\xiaz\FLAME 3 CV Dataset (Sycan Marsh)\Fire\RGB\Corrected FOV\00077.JPG,G:\xiaz\FLAME 3 CV Dataset (Sycan Marsh)\Fire\Thermal\Raw JPG\00077.JPG,G:\xiaz\FLAME 3 CV Dataset (Sycan Marsh)\Fire\Thermal\Celsius TIFF\00077.TIFF,G:\py2\experiments\flame3_temperature_pseudolabels_preregistered\train_mask_templates\fire\00077.png,C:\Users\钱鹏程QQ78293044\Documents\论文2\flame3_semantic_annotation_subset_150_20260808_final\pseudo_mask_seeds\A022.png
A023,val,reviewed_validation,fire/00600,C:\Users\钱鹏程QQ78293044\Documents\论文2\flame3_semantic_annotation_subset_150_20260808_final\visuals\A023_fire_00600.jpg,Fire,00600,,,,,,,,,not_started,,,2022-10-25 16:54:22,0a,,Previously reviewed Fusion FN/FP/TP validation image retained for full-image semantic adjudication and optional pixel annotation.,yes,033_FP,热地面或余热,no,187.42364501953125,14.818649291992188,0.0,0.0,0.02762451171875,G:\xiaz\FLAME 3 CV Dataset (Sycan Marsh)\Fire\RGB\Corrected FOV\00600.JPG,G:\xiaz\FLAME 3 CV Dataset (Sycan Marsh)\Fire\Thermal\Raw JPG\00600.JPG,G:\xiaz\FLAME 3 CV Dataset (Sycan Marsh)\Fire\Thermal\Celsius TIFF\00600.TIFF,G:\py2\experiments\flame3_temperature_pseudolabels_preregistered\train_mask_templates\fire\00600.png,C:\Users\钱鹏程QQ78293044\Documents\论文2\flame3_semantic_annotation_subset_150_20260808_final\pseudo_mask_seeds\A023.png
A024,val,reviewed_validation,fire/00105,C:\Users\钱鹏程QQ78293044\Documents\论文2\flame3_semantic_annotation_subset_150_20260808_final\visuals\A024_fire_00105.jpg,Fire,00105,,,,,,,,,not_started,,,2022-10-25 16:54:10,0a,,Previously reviewed Fusion FN/FP/TP validation image retained for full-image semantic adjudication and optional pixel annotation.,yes,034_FP;044_FP,热地面或余热,no,187.42364501953125,16.15569496154785,0.0,0.0,0.037213134765625,G:\xiaz\FLAME 3 CV Dataset (Sycan Marsh)\Fire\RGB\Corrected FOV\00105.JPG,G:\xiaz\FLAME 3 CV Dataset (Sycan Marsh)\Fire\Thermal\Raw JPG\00105.JPG,G:\xiaz\FLAME 3 CV Dataset (Sycan Marsh)\Fire\Thermal\Celsius TIFF\00105.TIFF,G:\py2\experiments\flame3_temperature_pseudolabels_preregistered\train_mask_templates\fire\00105.png,C:\Users\钱鹏程QQ78293044\Documents\论文2\flame3_semantic_annotation_subset_150_20260808_final\pseudo_mask_seeds\A024.png
A025,val,reviewed_validation,fire/00374,C:\Users\钱鹏程QQ78293044\Documents\论文2\flame3_semantic_annotation_subset_150_20260808_final\visuals\A025_fire_00374.jpg,Fire,00374,,,,,,,,,not_started,,,2022-10-25 16:54:19,0a,,Previously reviewed Fusion FN/FP/TP validation image retained for full-image semantic adjudication and optional pixel annotation.,yes,035_FP,热地面或余热,no,187.42364501953125,14.032282829284668,0.0,0.0,0.0290069580078125,G:\xiaz\FLAME 3 CV Dataset (Sycan Marsh)\Fire\RGB\Corrected FOV\00374.JPG,G:\xiaz\FLAME 3 CV Dataset (Sycan Marsh)\Fire\Thermal\Raw JPG\00374.JPG,G:\xiaz\FLAME 3 CV Dataset (Sycan Marsh)\Fire\Thermal\Celsius TIFF\00374.TIFF,G:\py2\experiments\flame3_temperature_pseudolabels_preregistered\train_mask_templates\fire\00374.png,C:\Users\钱鹏程QQ78293044\Documents\论文2\flame3_semantic_annotation_subset_150_20260808_final\pseudo_mask_seeds\A025.png
A026,val,reviewed_validation,fire/00181,C:\Users\钱鹏程QQ78293044\Documents\论文2\flame3_semantic_annotation_subset_150_20260808_final\visuals\A026_fire_00181.jpg,Fire,00181,,,,,,,,,not_started,,,2022-10-25 16:54:25,0a,,Previously reviewed Fusion FN/FP/TP validation image retained for full-image semantic adjudication and optional pixel annotation.,yes,036_FP,热地面或余热,no,187.42364501953125,14.24634838104248,0.0,0.0,0.023614501953125,G:\xiaz\FLAME 3 CV Dataset (Sycan Marsh)\Fire\RGB\Corrected FOV\00181.JPG,G:\xiaz\FLAME 3 CV Dataset (Sycan Marsh)\Fire\Thermal\Raw JPG\00181.JPG,G:\xiaz\FLAME 3 CV Dataset (Sycan Marsh)\Fire\Thermal\Celsius TIFF\00181.TIFF,G:\py2\experiments\flame3_temperature_pseudolabels_preregistered\train_mask_templates\fire\00181.png,C:\Users\钱鹏程QQ78293044\Documents\论文2\flame3_semantic_annotation_subset_150_20260808_final\pseudo_mask_seeds\A026.png
A027,val,reviewed_validation,fire/00533,C:\Users\钱鹏程QQ78293044\Documents\论文2\flame3_semantic_annotation_subset_150_20260808_final\visuals\A027_fire_00533.jpg,Fire,00533,,,,,,,,,not_started,,,2022-10-25 16:53:58,0a,,Previously reviewed Fusion FN/FP/TP validation image retained for full-image semantic adjudication and optional pixel annotation.,yes,037_FP;043_FP,热地面或余热,no,187.42364501953125,15.040399551391602,0.0,0.0,0.0246734619140625,G:\xiaz\FLAME 3 CV Dataset (Sycan Marsh)\Fire\RGB\Corrected FOV\00533.JPG,G:\xiaz\FLAME 3 CV Dataset (Sycan Marsh)\Fire\Thermal\Raw JPG\00533.JPG,G:\xiaz\FLAME 3 CV Dataset (Sycan Marsh)\Fire\Thermal\Celsius TIFF\00533.TIFF,G:\py2\experiments\flame3_temperature_pseudolabels_preregistered\train_mask_templates\fire\00533.png,C:\Users\钱鹏程QQ78293044\Documents\论文2\flame3_semantic_annotation_subset_150_20260808_final\pseudo_mask_seeds\A027.png
A028,val,reviewed_validation,fire/00322,C:\Users\钱鹏程QQ78293044\Documents\论文2\flame3_semantic_annotation_subset_150_20260808_final\visuals\A028_fire_00322.jpg,Fire,00322,,,,,,,,,not_started,,,2022-10-25 16:53:55,0a,,Previously reviewed Fusion FN/FP/TP validation image retained for full-image semantic adjudication and optional pixel annotation.,yes,038_FP;045_FP,热地面或余热,no,187.42364501953125,14.256622314453125,0.0,0.0,0.0205078125,G:\xiaz\FLAME 3 CV Dataset (Sycan Marsh)\Fire\RGB\Corrected FOV\00322.JPG,G:\xiaz\FLAME 3 CV Dataset (Sycan Marsh)\Fire\Thermal\Raw JPG\00322.JPG,G:\xiaz\FLAME 3 CV Dataset (Sycan Marsh)\Fire\Thermal\Celsius TIFF\00322.TIFF,G:\py2\experiments\flame3_temperature_pseudolabels_preregistered\train_mask_templates\fire\00322.png,C:\Users\钱鹏程QQ78293044\Documents\论文2\flame3_semantic_annotation_subset_150_20260808_final\pseudo_mask_seeds\A028.png
A029,val,reviewed_validation,fire/00278,C:\Users\钱鹏程QQ78293044\Documents\论文2\flame3_semantic_annotation_subset_150_20260808_final\visuals\A029_fire_00278.jpg,Fire,00278,,,,,,,,,not_started,,,2022-10-25 16:53:52,0a,,Previously reviewed Fusion FN/FP/TP validation image retained for full-image semantic adjudication and optional pixel annotation.,yes,039_FP,热地面或余热,no,187.42364501953125,14.180620193481445,0.0,0.0,0.0177520751953125,G:\xiaz\FLAME 3 CV Dataset (Sycan Marsh)\Fire\RGB\Corrected FOV\00278.JPG,G:\xiaz\FLAME 3 CV Dataset (Sycan Marsh)\Fire\Thermal\Raw JPG\00278.JPG,G:\xiaz\FLAME 3 CV Dataset (Sycan Marsh)\Fire\Thermal\Celsius TIFF\00278.TIFF,G:\py2\experiments\flame3_temperature_pseudolabels_preregistered\train_mask_templates\fire\00278.png,C:\Users\钱鹏程QQ78293044\Documents\论文2\flame3_semantic_annotation_subset_150_20260808_final\pseudo_mask_seeds\A029.png
A030,val,reviewed_validation,fire/00394,C:\Users\钱鹏程QQ78293044\Documents\论文2\flame3_semantic_annotation_subset_150_20260808_final\visuals\A030_fire_00394.jpg,Fire,00394,,,,,,,,,not_started,,,2022-10-25 16:53:40,0a,,Previously reviewed Fusion FN/FP/TP validation image retained for full-image semantic adjudication and optional pixel annotation.,yes,040_FP,热地面或余热,no,187.42364501953125,13.929574966430664,0.0,0.0,0.0153167724609375,G:\xiaz\FLAME 3 CV Dataset (Sycan Marsh)\Fire\RGB\Corrected FOV\00394.JPG,G:\xiaz\FLAME 3 CV Dataset (Sycan Marsh)\Fire\Thermal\Raw JPG\00394.JPG,G:\xiaz\FLAME 3 CV Dataset (Sycan Marsh)\Fire\Thermal\Celsius TIFF\00394.TIFF,G:\py2\experiments\flame3_temperature_pseudolabels_preregistered\train_mask_templates\fire\00394.png,C:\Users\钱鹏程QQ78293044\Documents\论文2\flame3_semantic_annotation_subset_150_20260808_final\pseudo_mask_seeds\A030.png
A031,val,reviewed_validation,fire/00458,C:\Users\钱鹏程QQ78293044\Documents\论文2\flame3_semantic_annotation_subset_150_20260808_final\visuals\A031_fire_00458.jpg,Fire,00458,,,,,,,,,not_started,,,2022-10-25 16:54:01,0a,,Previously reviewed Fusion FN/FP/TP validation image retained for full-image semantic adjudication and optional pixel annotation.,yes,041_FP,热地面或余热,no,187.42364501953125,15.777180671691895,0.0,0.0,0.0308502197265625,G:\xiaz\FLAME 3 CV Dataset (Sycan Marsh)\Fire\RGB\Corrected FOV\00458.JPG,G:\xiaz\FLAME 3 CV Dataset (Sycan Marsh)\Fire\Thermal\Raw JPG\00458.JPG,G:\xiaz\FLAME 3 CV Dataset (Sycan Marsh)\Fire\Thermal\Celsius TIFF\00458.TIFF,G:\py2\experiments\flame3_temperature_pseudolabels_preregistered\train_mask_templates\fire\00458.png,C:\Users\钱鹏程QQ78293044\Documents\论文2\flame3_semantic_annotation_subset_150_20260808_final\pseudo_mask_seeds\A031.png
A032,val,reviewed_validation,fire/00249,C:\Users\钱鹏程QQ78293044\Documents\论文2\flame3_semantic_annotation_subset_150_20260808_final\visuals\A032_fire_00249.jpg,Fire,00249,,,,,,,,,not_started,,,2022-10-27 17:11:40,6,,Previously reviewed Fusion FN/FP/TP validation image retained for full-image semantic adjudication and optional pixel annotation.,yes,046_FP,RGB/IR错位,yes,446.3293762207031,13.351144790649414,0.0061309814453125,0.0156494140625,0.0044464111328125,G:\xiaz\FLAME 3 CV Dataset (Sycan Marsh)\Fire\RGB\Corrected FOV\00249.JPG,G:\xiaz\FLAME 3 CV Dataset (Sycan Marsh)\Fire\Thermal\Raw JPG\00249.JPG,G:\xiaz\FLAME 3 CV Dataset (Sycan Marsh)\Fire\Thermal\Celsius TIFF\00249.TIFF,G:\py2\experiments\flame3_temperature_pseudolabels_preregistered\train_mask_templates\fire\00249.png,C:\Users\钱鹏程QQ78293044\Documents\论文2\flame3_semantic_annotation_subset_150_20260808_final\pseudo_mask_seeds\A032.png
A033,val,reviewed_validation,fire/00352,C:\Users\钱鹏程QQ78293044\Documents\论文2\flame3_semantic_annotation_subset_150_20260808_final\visuals\A033_fire_00352.jpg,Fire,00352,,,,,,,,,not_started,,,2022-10-27 17:11:34,6,,Previously reviewed Fusion FN/FP/TP validation image retained for full-image semantic adjudication and optional pixel annotation.,yes,047_FP;049_FP,火焰边缘,yes,442.2405090332031,13.794820785522461,0.0082672119140625,0.0196380615234375,0.0034942626953125,G:\xiaz\FLAME 3 CV Dataset (Sycan Marsh)\Fire\RGB\Corrected FOV\00352.JPG,G:\xiaz\FLAME 3 CV Dataset (Sycan Marsh)\Fire\Thermal\Raw JPG\00352.JPG,G:\xiaz\FLAME 3 CV Dataset (Sycan Marsh)\Fire\Thermal\Celsius TIFF\00352.TIFF,G:\py2\experiments\flame3_temperature_pseudolabels_preregistered\train_mask_templates\fire\00352.png,C:\Users\钱鹏程QQ78293044\Documents\论文2\flame3_semantic_annotation_subset_150_20260808_final\pseudo_mask_seeds\A033.png
A034,val,reviewed_validation,fire/00184,C:\Users\钱鹏程QQ78293044\Documents\论文2\flame3_semantic_annotation_subset_150_20260808_final\visuals\A034_fire_00184.jpg,Fire,00184,,,,,,,,,not_started,,,2022-10-26 18:59:51,2,,Previously reviewed Fusion FN/FP/TP validation image retained for full-image semantic adjudication and optional pixel annotation.,yes,048_FP,烟雾遮挡,yes,578.2823486328125,17.214685440063477,0.01474609375,0.0279754638671875,0.0013702392578125,G:\xiaz\FLAME 3 CV Dataset (Sycan Marsh)\Fire\RGB\Corrected FOV\00184.JPG,G:\xiaz\FLAME 3 CV Dataset (Sycan Marsh)\Fire\Thermal\Raw JPG\00184.JPG,G:\xiaz\FLAME 3 CV Dataset (Sycan Marsh)\Fire\Thermal\Celsius TIFF\00184.TIFF,G:\py2\experiments\flame3_temperature_pseudolabels_preregistered\train_mask_templates\fire\00184.png,C:\Users\钱鹏程QQ78293044\Documents\论文2\flame3_semantic_annotation_subset_150_20260808_final\pseudo_mask_seeds\A034.png
A035,val,reviewed_validation,fire/00455,C:\Users\钱鹏程QQ78293044\Documents\论文2\flame3_semantic_annotation_subset_150_20260808_final\visuals\A035_fire_00455.jpg,Fire,00455,,,,,,,,,not_started,,,2022-10-27 17:11:37,6,,Previously reviewed Fusion FN/FP/TP validation image retained for full-image semantic adjudication and optional pixel annotation.,yes,050_FP;066_TP,火焰边缘,yes,428.8937683105469,13.252385139465332,0.0074127197265625,0.01767578125,0.00264892578125,G:\xiaz\FLAME 3 CV Dataset (Sycan Marsh)\Fire\RGB\Corrected FOV\00455.JPG,G:\xiaz\FLAME 3 CV Dataset (Sycan Marsh)\Fire\Thermal\Raw JPG\00455.JPG,G:\xiaz\FLAME 3 CV Dataset (Sycan Marsh)\Fire\Thermal\Celsius TIFF\00455.TIFF,G:\py2\experiments\flame3_temperature_pseudolabels_preregistered\train_mask_templates\fire\00455.png,C:\Users\钱鹏程QQ78293044\Documents\论文2\flame3_semantic_annotation_subset_150_20260808_final\pseudo_mask_seeds\A035.png
A036,val,reviewed_validation,fire/00022,C:\Users\钱鹏程QQ78293044\Documents\论文2\flame3_semantic_annotation_subset_150_20260808_final\visuals\A036_fire_00022.jpg,Fire,00022,,,,,,,,,not_started,,,2022-10-26 19:00:00,2,,Previously reviewed Fusion FN/FP/TP validation image retained for full-image semantic adjudication and optional pixel annotation.,yes,051_TP,,yes,608.6897583007812,15.372579574584961,0.0089569091796875,0.0190521240234375,0.001788330078125,G:\xiaz\FLAME 3 CV Dataset (Sycan Marsh)\Fire\RGB\Corrected FOV\00022.JPG,G:\xiaz\FLAME 3 CV Dataset (Sycan Marsh)\Fire\Thermal\Raw JPG\00022.JPG,G:\xiaz\FLAME 3 CV Dataset (Sycan Marsh)\Fire\Thermal\Celsius TIFF\00022.TIFF,G:\py2\experiments\flame3_temperature_pseudolabels_preregistered\train_mask_templates\fire\00022.png,C:\Users\钱鹏程QQ78293044\Documents\论文2\flame3_semantic_annotation_subset_150_20260808_final\pseudo_mask_seeds\A036.png
A037,val,reviewed_validation,fire/00110,C:\Users\钱鹏程QQ78293044\Documents\论文2\flame3_semantic_annotation_subset_150_20260808_final\visuals\A037_fire_00110.jpg,Fire,00110,,,,,,,,,not_started,,,2022-10-26 18:59:24,2,,Previously reviewed Fusion FN/FP/TP validation image retained for full-image semantic adjudication and optional pixel annotation.,yes,052_TP,,yes,608.6897583007812,29.89663314819336,0.043597412109375,0.043072509765625,0.0026519775390625,G:\xiaz\FLAME 3 CV Dataset (Sycan Marsh)\Fire\RGB\Corrected FOV\00110.JPG,G:\xiaz\FLAME 3 CV Dataset (Sycan Marsh)\Fire\Thermal\Raw JPG\00110.JPG,G:\xiaz\FLAME 3 CV Dataset (Sycan Marsh)\Fire\Thermal\Celsius TIFF\00110.TIFF,G:\py2\experiments\flame3_temperature_pseudolabels_preregistered\train_mask_templates\fire\00110.png,C:\Users\钱鹏程QQ78293044\Documents\论文2\flame3_semantic_annotation_subset_150_20260808_final\pseudo_mask_seeds\A037.png
A038,val,reviewed_validation,fire/00075,C:\Users\钱鹏程QQ78293044\Documents\论文2\flame3_semantic_annotation_subset_150_20260808_final\visuals\A038_fire_00075.jpg,Fire,00075,,,,,,,,,not_started,,,2022-10-26 18:59:39,2,,Previously reviewed Fusion FN/FP/TP validation image retained for full-image semantic adjudication and optional pixel annotation.,yes,054_TP;063_TP,,yes,608.6897583007812,14.5587739944458,0.009979248046875,0.019219970703125,0.001165771484375,G:\xiaz\FLAME 3 CV Dataset (Sycan Marsh)\Fire\RGB\Corrected FOV\00075.JPG,G:\xiaz\FLAME 3 CV Dataset (Sycan Marsh)\Fire\Thermal\Raw JPG\00075.JPG,G:\xiaz\FLAME 3 CV Dataset (Sycan Marsh)\Fire\Thermal\Celsius TIFF\00075.TIFF,G:\py2\experiments\flame3_temperature_pseudolabels_preregistered\train_mask_templates\fire\00075.png,C:\Users\钱鹏程QQ78293044\Documents\论文2\flame3_semantic_annotation_subset_150_20260808_final\pseudo_mask_seeds\A038.png
A039,val,reviewed_validation,fire/00111,C:\Users\钱鹏程QQ78293044\Documents\论文2\flame3_semantic_annotation_subset_150_20260808_final\visuals\A039_fire_00111.jpg,Fire,00111,,,,,,,,,not_started,,,2022-10-26 18:59:48,2,,Previously reviewed Fusion FN/FP/TP validation image retained for full-image semantic adjudication and optional pixel annotation.,yes,055_TP;060_TP,,yes,608.6897583007812,17.486560821533203,0.017816162109375,0.026629638671875,0.00142822265625,G:\xiaz\FLAME 3 CV Dataset (Sycan Marsh)\Fire\RGB\Corrected FOV\00111.JPG,G:\xiaz\FLAME 3 CV Dataset (Sycan Marsh)\Fire\Thermal\Raw JPG\00111.JPG,G:\xiaz\FLAME 3 CV Dataset (Sycan Marsh)\Fire\Thermal\Celsius TIFF\00111.TIFF,G:\py2\experiments\flame3_temperature_pseudolabels_preregistered\train_mask_templates\fire\00111.png,C:\Users\钱鹏程QQ78293044\Documents\论文2\flame3_semantic_annotation_subset_150_20260808_final\pseudo_mask_seeds\A039.png
A040,val,reviewed_validation,fire/00305,C:\Users\钱鹏程QQ78293044\Documents\论文2\flame3_semantic_annotation_subset_150_20260808_final\visuals\A040_fire_00305.jpg,Fire,00305,,,,,,,,,not_started,,,2022-10-27 17:11:31,6,,Previously reviewed Fusion FN/FP/TP validation image retained for full-image semantic adjudication and optional pixel annotation.,yes,056_TP,,yes,477.1745910644531,14.801180839538574,0.0123016357421875,0.0278564453125,0.00234375,G:\xiaz\FLAME 3 CV Dataset (Sycan Marsh)\Fire\RGB\Corrected FOV\00305.JPG,G:\xiaz\FLAME 3 CV Dataset (Sycan Marsh)\Fire\Thermal\Raw JPG\00305.JPG,G:\xiaz\FLAME 3 CV Dataset (Sycan Marsh)\Fire\Thermal\Celsius TIFF\00305.TIFF,G:\py2\experiments\flame3_temperature_pseudolabels_preregistered\train_mask_templates\fire\00305.png,C:\Users\钱鹏程QQ78293044\Documents\论文2\flame3_semantic_annotation_subset_150_20260808_final\pseudo_mask_seeds\A040.png
A041,val,reviewed_validation,fire/00431,C:\Users\钱鹏程QQ78293044\Documents\论文2\flame3_semantic_annotation_subset_150_20260808_final\visuals\A041_fire_00431.jpg,Fire,00431,,,,,,,,,not_started,,,2022-10-26 19:00:57,2,,Previously reviewed Fusion FN/FP/TP validation image retained for full-image semantic adjudication and optional pixel annotation.,yes,057_TP;059_TP,,yes,608.6897583007812,9.111157417297363,0.01246337890625,0.0238067626953125,0.001531982421875,G:\xiaz\FLAME 3 CV Dataset (Sycan Marsh)\Fire\RGB\Corrected FOV\00431.JPG,G:\xiaz\FLAME 3 CV Dataset (Sycan Marsh)\Fire\Thermal\Raw JPG\00431.JPG,G:\xiaz\FLAME 3 CV Dataset (Sycan Marsh)\Fire\Thermal\Celsius TIFF\00431.TIFF,G:\py2\experiments\flame3_temperature_pseudolabels_preregistered\train_mask_templates\fire\00431.png,C:\Users\钱鹏程QQ78293044\Documents\论文2\flame3_semantic_annotation_subset_150_20260808_final\pseudo_mask_seeds\A041.png
A042,val,reviewed_validation,fire/00612,C:\Users\钱鹏程QQ78293044\Documents\论文2\flame3_semantic_annotation_subset_150_20260808_final\visuals\A042_fire_00612.jpg,Fire,00612,,,,,,,,,not_started,,,2022-10-27 17:11:49,6,,Previously reviewed Fusion FN/FP/TP validation image retained for full-image semantic adjudication and optional pixel annotation.,yes,061_TP,,yes,518.249755859375,24.604984283447266,0.01917724609375,0.0424041748046875,0.005303955078125,G:\xiaz\FLAME 3 CV Dataset (Sycan Marsh)\Fire\RGB\Corrected FOV\00612.JPG,G:\xiaz\FLAME 3 CV Dataset (Sycan Marsh)\Fire\Thermal\Raw JPG\00612.JPG,G:\xiaz\FLAME 3 CV Dataset (Sycan Marsh)\Fire\Thermal\Celsius TIFF\00612.TIFF,G:\py2\experiments\flame3_temperature_pseudolabels_preregistered\train_mask_templates\fire\00612.png,C:\Users\钱鹏程QQ78293044\Documents\论文2\flame3_semantic_annotation_subset_150_20260808_final\pseudo_mask_seeds\A042.png
A043,val,reviewed_validation,fire/00463,C:\Users\钱鹏程QQ78293044\Documents\论文2\flame3_semantic_annotation_subset_150_20260808_final\visuals\A043_fire_00463.jpg,Fire,00463,,,,,,,,,not_started,,,2022-10-26 19:00:36,2,,Previously reviewed Fusion FN/FP/TP validation image retained for full-image semantic adjudication and optional pixel annotation.,yes,062_TP;069_TP,,yes,530.8574829101562,6.0930986404418945,0.0075042724609375,0.01668701171875,0.0012237548828125,G:\xiaz\FLAME 3 CV Dataset (Sycan Marsh)\Fire\RGB\Corrected FOV\00463.JPG,G:\xiaz\FLAME 3 CV Dataset (Sycan Marsh)\Fire\Thermal\Raw JPG\00463.JPG,G:\xiaz\FLAME 3 CV Dataset (Sycan Marsh)\Fire\Thermal\Celsius TIFF\00463.TIFF,G:\py2\experiments\flame3_temperature_pseudolabels_preregistered\train_mask_templates\fire\00463.png,C:\Users\钱鹏程QQ78293044\Documents\论文2\flame3_semantic_annotation_subset_150_20260808_final\pseudo_mask_seeds\A043.png
A044,val,reviewed_validation,fire/00380,C:\Users\钱鹏程QQ78293044\Documents\论文2\flame3_semantic_annotation_subset_150_20260808_final\visuals\A044_fire_00380.jpg,Fire,00380,,,,,,,,,not_started,,,2022-10-26 19:00:06,2,,Previously reviewed Fusion FN/FP/TP validation image retained for full-image semantic adjudication and optional pixel annotation.,yes,064_TP,,yes,535.6730346679688,13.113367080688477,0.0046905517578125,0.0137298583984375,0.0015350341796875,G:\xiaz\FLAME 3 CV Dataset (Sycan Marsh)\Fire\RGB\Corrected FOV\00380.JPG,G:\xiaz\FLAME 3 CV Dataset (Sycan Marsh)\Fire\Thermal\Raw JPG\00380.JPG,G:\xiaz\FLAME 3 CV Dataset (Sycan Marsh)\Fire\Thermal\Celsius TIFF\00380.TIFF,G:\py2\experiments\flame3_temperature_pseudolabels_preregistered\train_mask_templates\fire\00380.png,C:\Users\钱鹏程QQ78293044\Documents\论文2\flame3_semantic_annotation_subset_150_20260808_final\pseudo_mask_seeds\A044.png
A045,val,reviewed_validation,fire/00304,C:\Users\钱鹏程QQ78293044\Documents\论文2\flame3_semantic_annotation_subset_150_20260808_final\visuals\A045_fire_00304.jpg,Fire,00304,,,,,,,,,not_started,,,2022-10-26 19:00:48,2,,Previously reviewed Fusion FN/FP/TP validation image retained for full-image semantic adjudication and optional pixel annotation.,yes,065_TP,,yes,568.798583984375,12.348508834838867,0.019036865234375,0.0265045166015625,0.0020172119140625,G:\xiaz\FLAME 3 CV Dataset (Sycan Marsh)\Fire\RGB\Corrected FOV\00304.JPG,G:\xiaz\FLAME 3 CV Dataset (Sycan Marsh)\Fire\Thermal\Raw JPG\00304.JPG,G:\xiaz\FLAME 3 CV Dataset (Sycan Marsh)\Fire\Thermal\Celsius TIFF\00304.TIFF,G:\py2\experiments\flame3_temperature_pseudolabels_preregistered\train_mask_templates\fire\00304.png,C:\Users\钱鹏程QQ78293044\Documents\论文2\flame3_semantic_annotation_subset_150_20260808_final\pseudo_mask_seeds\A045.png
A046,val,reviewed_validation,fire/00274,C:\Users\钱鹏程QQ78293044\Documents\论文2\flame3_semantic_annotation_subset_150_20260808_final\visuals\A046_fire_00274.jpg,Fire,00274,,,,,,,,,not_started,,,2022-10-27 17:11:10,6,,Previously reviewed Fusion FN/FP/TP validation image retained for full-image semantic adjudication and optional pixel annotation.,yes,068_TP,,yes,531.6697998046875,17.169334411621094,0.02099609375,0.0303558349609375,0.0016204833984375,G:\xiaz\FLAME 3 CV Dataset (Sycan Marsh)\Fire\RGB\Corrected FOV\00274.JPG,G:\xiaz\FLAME 3 CV Dataset (Sycan Marsh)\Fire\Thermal\Raw JPG\00274.JPG,G:\xiaz\FLAME 3 CV Dataset (Sycan Marsh)\Fire\Thermal\Celsius TIFF\00274.TIFF,G:\py2\experiments\flame3_temperature_pseudolabels_preregistered\train_mask_templates\fire\00274.png,C:\Users\钱鹏程QQ78293044\Documents\论文2\flame3_semantic_annotation_subset_150_20260808_final\pseudo_mask_seeds\A046.png
A047,val,reviewed_validation,fire/00572,C:\Users\钱鹏程QQ78293044\Documents\论文2\flame3_semantic_annotation_subset_150_20260808_final\visuals\A047_fire_00572.jpg,Fire,00572,,,,,,,,,not_started,,,2022-10-26 19:00:03,2,,Previously reviewed Fusion FN/FP/TP validation image retained for full-image semantic adjudication and optional pixel annotation.,yes,070_TP,,yes,608.6897583007812,15.002656936645508,0.0075836181640625,0.0199981689453125,0.0021575927734375,G:\xiaz\FLAME 3 CV Dataset (Sycan Marsh)\Fire\RGB\Corrected FOV\00572.JPG,G:\xiaz\FLAME 3 CV Dataset (Sycan Marsh)\Fire\Thermal\Raw JPG\00572.JPG,G:\xiaz\FLAME 3 CV Dataset (Sycan Marsh)\Fire\Thermal\Celsius TIFF\00572.TIFF,G:\py2\experiments\flame3_temperature_pseudolabels_preregistered\train_mask_templates\fire\00572.png,C:\Users\钱鹏程QQ78293044\Documents\论文2\flame3_semantic_annotation_subset_150_20260808_final\pseudo_mask_seeds\A047.png
A048,train,empty_fire_hotspot,fire/00137,C:\Users\钱鹏程QQ78293044\Documents\论文2\flame3_semantic_annotation_subset_150_20260808_final\visuals\A048_fire_00137.jpg,Fire,00137,,,,,,,,,not_started,,,2022-10-25 16:59:59,0b,,Fire-folder frame with an empty pseudo Fire core but strong thermal activity; review residual heat versus obscured active combustion.,no,,,,187.42364501953125,10.957987785339355,0.0,0.0,0.011309814453125,G:\xiaz\FLAME 3 CV Dataset (Sycan Marsh)\Fire\RGB\Corrected FOV\00137.JPG,G:\xiaz\FLAME 3 CV Dataset (Sycan Marsh)\Fire\Thermal\Raw JPG\00137.JPG,G:\xiaz\FLAME 3 CV Dataset (Sycan Marsh)\Fire\Thermal\Celsius TIFF\00137.TIFF,G:\py2\experiments\flame3_temperature_pseudolabels_preregistered\train_mask_templates\fire\00137.png,C:\Users\钱鹏程QQ78293044\Documents\论文2\flame3_semantic_annotation_subset_150_20260808_final\pseudo_mask_seeds\A048.png
A049,train,empty_fire_hotspot,fire/00531,C:\Users\钱鹏程QQ78293044\Documents\论文2\flame3_semantic_annotation_subset_150_20260808_final\visuals\A049_fire_00531.jpg,Fire,00531,,,,,,,,,not_started,,,2022-10-25 17:04:36,0b,,Fire-folder frame with an empty pseudo Fire core but strong thermal activity; review residual heat versus obscured active combustion.,no,,,,108.2468490600586,11.194328308105469,0.0,0.0,3.0517578125e-05,G:\xiaz\FLAME 3 CV Dataset (Sycan Marsh)\Fire\RGB\Corrected FOV\00531.JPG,G:\xiaz\FLAME 3 CV Dataset (Sycan Marsh)\Fire\Thermal\Raw JPG\00531.JPG,G:\xiaz\FLAME 3 CV Dataset (Sycan Marsh)\Fire\Thermal\Celsius TIFF\00531.TIFF,G:\py2\experiments\flame3_temperature_pseudolabels_preregistered\train_mask_templates\fire\00531.png,C:\Users\钱鹏程QQ78293044\Documents\论文2\flame3_semantic_annotation_subset_150_20260808_final\pseudo_mask_seeds\A049.png
A050,train,empty_fire_hotspot,fire/00070,C:\Users\钱鹏程QQ78293044\Documents\论文2\flame3_semantic_annotation_subset_150_20260808_final\visuals\A050_fire_00070.jpg,Fire,00070,,,,,,,,,not_started,,,2022-10-25 17:02:17,0b,,Fire-folder frame with an empty pseudo Fire core but strong thermal activity; review residual heat versus obscured active combustion.,no,,,,187.42364501953125,9.446511268615723,0.0,0.0,0.004638671875,G:\xiaz\FLAME 3 CV Dataset (Sycan Marsh)\Fire\RGB\Corrected FOV\00070.JPG,G:\xiaz\FLAME 3 CV Dataset (Sycan Marsh)\Fire\Thermal\Raw JPG\00070.JPG,G:\xiaz\FLAME 3 CV Dataset (Sycan Marsh)\Fire\Thermal\Celsius TIFF\00070.TIFF,G:\py2\experiments\flame3_temperature_pseudolabels_preregistered\train_mask_templates\fire\00070.png,C:\Users\钱鹏程QQ78293044\Documents\论文2\flame3_semantic_annotation_subset_150_20260808_final\pseudo_mask_seeds\A050.png
A051,train,empty_fire_hotspot,fire/00091,C:\Users\钱鹏程QQ78293044\Documents\论文2\flame3_semantic_annotation_subset_150_20260808_final\visuals\A051_fire_00091.jpg,Fire,00091,,,,,,,,,not_started,,,2022-10-25 16:58:53,0b,,Fire-folder frame with an empty pseudo Fire core but strong thermal activity; review residual heat versus obscured active combustion.,no,,,,186.63720703125,2.7073705196380615,0.0,0.0,0.0013092041015625,G:\xiaz\FLAME 3 CV Dataset (Sycan Marsh)\Fire\RGB\Corrected FOV\00091.JPG,G:\xiaz\FLAME 3 CV Dataset (Sycan Marsh)\Fire\Thermal\Raw JPG\00091.JPG,G:\xiaz\FLAME 3 CV Dataset (Sycan Marsh)\Fire\Thermal\Celsius TIFF\00091.TIFF,G:\py2\experiments\flame3_temperature_pseudolabels_preregistered\train_mask_templates\fire\00091.png,C:\Users\钱鹏程QQ78293044\Documents\论文2\flame3_semantic_annotation_subset_150_20260808_final\pseudo_mask_seeds\A051.png
A052,train,empty_fire_hotspot,fire/00334,C:\Users\钱鹏程QQ78293044\Documents\论文2\flame3_semantic_annotation_subset_150_20260808_final\visuals\A052_fire_00334.jpg,Fire,00334,,,,,,,,,not_started,,,2022-10-25 17:00:48,0b,,Fire-folder frame with an empty pseudo Fire core but strong thermal activity; review residual heat versus obscured active combustion.,no,,,,186.35116577148438,8.900888442993164,0.0,0.0,0.0031585693359375,G:\xiaz\FLAME 3 CV Dataset (Sycan Marsh)\Fire\RGB\Corrected FOV\00334.JPG,G:\xiaz\FLAME 3 CV Dataset (Sycan Marsh)\Fire\Thermal\Raw JPG\00334.JPG,G:\xiaz\FLAME 3 CV Dataset (Sycan Marsh)\Fire\Thermal\Celsius TIFF\00334.TIFF,G:\py2\experiments\flame3_temperature_pseudolabels_preregistered\train_mask_templates\fire\00334.png,C:\Users\钱鹏程QQ78293044\Documents\论文2\flame3_semantic_annotation_subset_150_20260808_final\pseudo_mask_seeds\A052.png
A053,train,empty_fire_hotspot,fire/00157,C:\Users\钱鹏程QQ78293044\Documents\论文2\flame3_semantic_annotation_subset_150_20260808_final\visuals\A053_fire_00157.jpg,Fire,00157,,,,,,,,,not_started,,,2022-10-25 17:01:33,0b,,Fire-folder frame with an empty pseudo Fire core but strong thermal activity; review residual heat versus obscured active combustion.,no,,,,164.98532104492188,8.055830955505371,0.0,0.0,0.0001434326171875,G:\xiaz\FLAME 3 CV Dataset (Sycan Marsh)\Fire\RGB\Corrected FOV\00157.JPG,G:\xiaz\FLAME 3 CV Dataset (Sycan Marsh)\Fire\Thermal\Raw JPG\00157.JPG,G:\xiaz\FLAME 3 CV Dataset (Sycan Marsh)\Fire\Thermal\Celsius TIFF\00157.TIFF,G:\py2\experiments\flame3_temperature_pseudolabels_preregistered\train_mask_templates\fire\00157.png,C:\Users\钱鹏程QQ78293044\Documents\论文2\flame3_semantic_annotation_subset_150_20260808_final\pseudo_mask_seeds\A053.png
A054,train,empty_fire_hotspot,fire/00313,C:\Users\钱鹏程QQ78293044\Documents\论文2\flame3_semantic_annotation_subset_150_20260808_final\visuals\A054_fire_00313.jpg,Fire,00313,,,,,,,,,not_started,,,2022-10-25 17:02:59,0b,,Fire-folder frame with an empty pseudo Fire core but strong thermal activity; review residual heat versus obscured active combustion.,no,,,,187.42364501953125,8.561502456665039,0.0,0.0,0.0020843505859375,G:\xiaz\FLAME 3 CV Dataset (Sycan Marsh)\Fire\RGB\Corrected FOV\00313.JPG,G:\xiaz\FLAME 3 CV Dataset (Sycan Marsh)\Fire\Thermal\Raw JPG\00313.JPG,G:\xiaz\FLAME 3 CV Dataset (Sycan Marsh)\Fire\Thermal\Celsius TIFF\00313.TIFF,G:\py2\experiments\flame3_temperature_pseudolabels_preregistered\train_mask_templates\fire\00313.png,C:\Users\钱鹏程QQ78293044\Documents\论文2\flame3_semantic_annotation_subset_150_20260808_final\pseudo_mask_seeds\A054.png
A055,train,empty_fire_hotspot,fire/00006,C:\Users\钱鹏程QQ78293044\Documents\论文2\flame3_semantic_annotation_subset_150_20260808_final\visuals\A055_fire_00006.jpg,Fire,00006,,,,,,,,,not_started,,,2022-10-25 16:59:26,0b,,Fire-folder frame with an empty pseudo Fire core but strong thermal activity; review residual heat versus obscured active combustion.,no,,,,187.42364501953125,6.62161111831665,0.0,0.0,0.003692626953125,G:\xiaz\FLAME 3 CV Dataset (Sycan Marsh)\Fire\RGB\Corrected FOV\00006.JPG,G:\xiaz\FLAME 3 CV Dataset (Sycan Marsh)\Fire\Thermal\Raw JPG\00006.JPG,G:\xiaz\FLAME 3 CV Dataset (Sycan Marsh)\Fire\Thermal\Celsius TIFF\00006.TIFF,G:\py2\experiments\flame3_temperature_pseudolabels_preregistered\train_mask_templates\fire\00006.png,C:\Users\钱鹏程QQ78293044\Documents\论文2\flame3_semantic_annotation_subset_150_20260808_final\pseudo_mask_seeds\A055.png
A056,train,empty_fire_hotspot,fire/00258,C:\Users\钱鹏程QQ78293044\Documents\论文2\flame3_semantic_annotation_subset_150_20260808_final\visuals\A056_fire_00258.jpg,Fire,00258,,,,,,,,,not_started,,,2022-10-25 17:00:24,0b,,Fire-folder frame with an empty pseudo Fire core but strong thermal activity; review residual heat versus obscured active combustion.,no,,,,187.42364501953125,8.23886489868164,0.0,0.0,0.0035369873046875,G:\xiaz\FLAME 3 CV Dataset (Sycan Marsh)\Fire\RGB\Corrected FOV\00258.JPG,G:\xiaz\FLAME 3 CV Dataset (Sycan Marsh)\Fire\Thermal\Raw JPG\00258.JPG,G:\xiaz\FLAME 3 CV Dataset (Sycan Marsh)\Fire\Thermal\Celsius TIFF\00258.TIFF,G:\py2\experiments\flame3_temperature_pseudolabels_preregistered\train_mask_templates\fire\00258.png,C:\Users\钱鹏程QQ78293044\Documents\论文2\flame3_semantic_annotation_subset_150_20260808_final\pseudo_mask_seeds\A056.png
A057,train,empty_fire_hotspot,fire/00614,C:\Users\钱鹏程QQ78293044\Documents\论文2\flame3_semantic_annotation_subset_150_20260808_final\visuals\A057_fire_00614.jpg,Fire,00614,,,,,,,,,not_started,,,2022-10-25 17:02:38,0b,,Fire-folder frame with an empty pseudo Fire core but strong thermal activity; review residual heat versus obscured active combustion.,no,,,,187.42364501953125,8.390704154968262,0.0,0.0,0.002264404296875,G:\xiaz\FLAME 3 CV Dataset (Sycan Marsh)\Fire\RGB\Corrected FOV\00614.JPG,G:\xiaz\FLAME 3 CV Dataset (Sycan Marsh)\Fire\Thermal\Raw JPG\00614.JPG,G:\xiaz\FLAME 3 CV Dataset (Sycan Marsh)\Fire\Thermal\Celsius TIFF\00614.TIFF,G:\py2\experiments\flame3_temperature_pseudolabels_preregistered\train_mask_templates\fire\00614.png,C:\Users\钱鹏程QQ78293044\Documents\论文2\flame3_semantic_annotation_subset_150_20260808_final\pseudo_mask_seeds\A057.png
A058,train,empty_fire_hotspot,fire/00421,C:\Users\钱鹏程QQ78293044\Documents\论文2\flame3_semantic_annotation_subset_150_20260808_final\visuals\A058_fire_00421.jpg,Fire,00421,,,,,,,,,not_started,,,2022-10-25 17:01:54,0b,,Fire-folder frame with an empty pseudo Fire core but strong thermal activity; review residual heat versus obscured active combustion.,no,,,,184.49105834960938,8.117457389831543,0.0,0.0,0.0010650634765625,G:\xiaz\FLAME 3 CV Dataset (Sycan Marsh)\Fire\RGB\Corrected FOV\00421.JPG,G:\xiaz\FLAME 3 CV Dataset (Sycan Marsh)\Fire\Thermal\Raw JPG\00421.JPG,G:\xiaz\FLAME 3 CV Dataset (Sycan Marsh)\Fire\Thermal\Celsius TIFF\00421.TIFF,G:\py2\experiments\flame3_temperature_pseudolabels_preregistered\train_mask_templates\fire\00421.png,C:\Users\钱鹏程QQ78293044\Documents\论文2\flame3_semantic_annotation_subset_150_20260808_final\pseudo_mask_seeds\A058.png
A059,train,empty_fire_hotspot,fire/00556,C:\Users\钱鹏程QQ78293044\Documents\论文2\flame3_semantic_annotation_subset_150_20260808_final\visuals\A059_fire_00556.jpg,Fire,00556,,,,,,,,,not_started,,,2022-10-25 16:59:41,0b,,Fire-folder frame with an empty pseudo Fire core but strong thermal activity; review residual heat versus obscured active combustion.,no,,,,187.42364501953125,9.934928894042969,0.0,0.0,0.0076385498046875,G:\xiaz\FLAME 3 CV Dataset (Sycan Marsh)\Fire\RGB\Corrected FOV\00556.JPG,G:\xiaz\FLAME 3 CV Dataset (Sycan Marsh)\Fire\Thermal\Raw JPG\00556.JPG,G:\xiaz\FLAME 3 CV Dataset (Sycan Marsh)\Fire\Thermal\Celsius TIFF\00556.TIFF,G:\py2\experiments\flame3_temperature_pseudolabels_preregistered\train_mask_templates\fire\00556.png,C:\Users\钱鹏程QQ78293044\Documents\论文2\flame3_semantic_annotation_subset_150_20260808_final\pseudo_mask_seeds\A059.png
A060,train,empty_fire_hotspot,fire/00571,C:\Users\钱鹏程QQ78293044\Documents\论文2\flame3_semantic_annotation_subset_150_20260808_final\visuals\A060_fire_00571.jpg,Fire,00571,,,,,,,,,not_started,,,2022-10-25 16:59:11,0b,,Fire-folder frame with an empty pseudo Fire core but strong thermal activity; review residual heat versus obscured active combustion.,no,,,,187.42364501953125,3.265465497970581,0.0,0.0,0.001776123046875,G:\xiaz\FLAME 3 CV Dataset (Sycan Marsh)\Fire\RGB\Corrected FOV\00571.JPG,G:\xiaz\FLAME 3 CV Dataset (Sycan Marsh)\Fire\Thermal\Raw JPG\00571.JPG,G:\xiaz\FLAME 3 CV Dataset (Sycan Marsh)\Fire\Thermal\Celsius TIFF\00571.TIFF,G:\py2\experiments\flame3_temperature_pseudolabels_preregistered\train_mask_templates\fire\00571.png,C:\Users\钱鹏程QQ78293044\Documents\论文2\flame3_semantic_annotation_subset_150_20260808_final\pseudo_mask_seeds\A060.png
A061,train,empty_fire_hotspot,fire/00569,C:\Users\钱鹏程QQ78293044\Documents\论文2\flame3_semantic_annotation_subset_150_20260808_final\visuals\A061_fire_00569.jpg,Fire,00569,,,,,,,,,not_started,,,2022-10-25 17:00:12,0b,,Fire-folder frame with an empty pseudo Fire core but strong thermal activity; review residual heat versus obscured active combustion.,no,,,,187.42364501953125,10.09406566619873,0.0,0.0,0.006854248046875,G:\xiaz\FLAME 3 CV Dataset (Sycan Marsh)\Fire\RGB\Corrected FOV\00569.JPG,G:\xiaz\FLAME 3 CV Dataset (Sycan Marsh)\Fire\Thermal\Raw JPG\00569.JPG,G:\xiaz\FLAME 3 CV Dataset (Sycan Marsh)\Fire\Thermal\Celsius TIFF\00569.TIFF,G:\py2\experiments\flame3_temperature_pseudolabels_preregistered\train_mask_templates\fire\00569.png,C:\Users\钱鹏程QQ78293044\Documents\论文2\flame3_semantic_annotation_subset_150_20260808_final\pseudo_mask_seeds\A061.png
A062,train,empty_fire_hotspot,fire/00010,C:\Users\钱鹏程QQ78293044\Documents\论文2\flame3_semantic_annotation_subset_150_20260808_final\visuals\A062_fire_00010.jpg,Fire,00010,,,,,,,,,not_started,,,2022-10-25 17:02:06,0b,,Fire-folder frame with an empty pseudo Fire core but strong thermal activity; review residual heat versus obscured active combustion.,no,,,,187.42364501953125,8.310300827026367,0.0,0.0,0.002410888671875,G:\xiaz\FLAME 3 CV Dataset (Sycan Marsh)\Fire\RGB\Corrected FOV\00010.JPG,G:\xiaz\FLAME 3 CV Dataset (Sycan Marsh)\Fire\Thermal\Raw JPG\00010.JPG,G:\xiaz\FLAME 3 CV Dataset (Sycan Marsh)\Fire\Thermal\Celsius TIFF\00010.TIFF,G:\py2\experiments\flame3_temperature_pseudolabels_preregistered\train_mask_templates\fire\00010.png,C:\Users\钱鹏程QQ78293044\Documents\论文2\flame3_semantic_annotation_subset_150_20260808_final\pseudo_mask_seeds\A062.png
A063,train,empty_fire_hotspot,fire/00446,C:\Users\钱鹏程QQ78293044\Documents\论文2\flame3_semantic_annotation_subset_150_20260808_final\visuals\A063_fire_00446.jpg,Fire,00446,,,,,,,,,not_started,,,2022-10-25 17:00:33,0b,,Fire-folder frame with an empty pseudo Fire core but strong thermal activity; review residual heat versus obscured active combustion.,no,,,,187.3521728515625,9.15633487701416,0.0,0.0,0.0049224853515625,G:\xiaz\FLAME 3 CV Dataset (Sycan Marsh)\Fire\RGB\Corrected FOV\00446.JPG,G:\xiaz\FLAME 3 CV Dataset (Sycan Marsh)\Fire\Thermal\Raw JPG\00446.JPG,G:\xiaz\FLAME 3 CV Dataset (Sycan Marsh)\Fire\Thermal\Celsius TIFF\00446.TIFF,G:\py2\experiments\flame3_temperature_pseudolabels_preregistered\train_mask_templates\fire\00446.png,C:\Users\钱鹏程QQ78293044\Documents\论文2\flame3_semantic_annotation_subset_150_20260808_final\pseudo_mask_seeds\A063.png
A064,train,empty_fire_hotspot,fire/00251,C:\Users\钱鹏程QQ78293044\Documents\论文2\flame3_semantic_annotation_subset_150_20260808_final\visuals\A064_fire_00251.jpg,Fire,00251,,,,,,,,,not_started,,,2022-10-25 17:02:26,0b,,Fire-folder frame with an empty pseudo Fire core but strong thermal activity; review residual heat versus obscured active combustion.,no,,,,187.42364501953125,8.671711921691895,0.0,0.0,0.00426025390625,G:\xiaz\FLAME 3 CV Dataset (Sycan Marsh)\Fire\RGB\Corrected FOV\00251.JPG,G:\xiaz\FLAME 3 CV Dataset (Sycan Marsh)\Fire\Thermal\Raw JPG\00251.JPG,G:\xiaz\FLAME 3 CV Dataset (Sycan Marsh)\Fire\Thermal\Celsius TIFF\00251.TIFF,G:\py2\experiments\flame3_temperature_pseudolabels_preregistered\train_mask_templates\fire\00251.png,C:\Users\钱鹏程QQ78293044\Documents\论文2\flame3_semantic_annotation_subset_150_20260808_final\pseudo_mask_seeds\A064.png
A065,train,empty_fire_hotspot,fire/00287,C:\Users\钱鹏程QQ78293044\Documents\论文2\flame3_semantic_annotation_subset_150_20260808_final\visuals\A065_fire_00287.jpg,Fire,00287,,,,,,,,,not_started,,,2022-10-25 17:02:47,0b,,Fire-folder frame with an empty pseudo Fire core but strong thermal activity; review residual heat versus obscured active combustion.,no,,,,187.42364501953125,8.116257667541504,0.0,0.0,0.001519775390625,G:\xiaz\FLAME 3 CV Dataset (Sycan Marsh)\Fire\RGB\Corrected FOV\00287.JPG,G:\xiaz\FLAME 3 CV Dataset (Sycan Marsh)\Fire\Thermal\Raw JPG\00287.JPG,G:\xiaz\FLAME 3 CV Dataset (Sycan Marsh)\Fire\Thermal\Celsius TIFF\00287.TIFF,G:\py2\experiments\flame3_temperature_pseudolabels_preregistered\train_mask_templates\fire\00287.png,C:\Users\钱鹏程QQ78293044\Documents\论文2\flame3_semantic_annotation_subset_150_20260808_final\pseudo_mask_seeds\A065.png
A066,train,empty_fire_hotspot,fire/00253,C:\Users\钱鹏程QQ78293044\Documents\论文2\flame3_semantic_annotation_subset_150_20260808_final\visuals\A066_fire_00253.jpg,Fire,00253,,,,,,,,,not_started,,,2022-10-25 17:01:45,0b,,Fire-folder frame with an empty pseudo Fire core but strong thermal activity; review residual heat versus obscured active combustion.,no,,,,185.06356811523438,8.182350158691406,0.0,0.0,0.00069580078125,G:\xiaz\FLAME 3 CV Dataset (Sycan Marsh)\Fire\RGB\Corrected FOV\00253.JPG,G:\xiaz\FLAME 3 CV Dataset (Sycan Marsh)\Fire\Thermal\Raw JPG\00253.JPG,G:\xiaz\FLAME 3 CV Dataset (Sycan Marsh)\Fire\Thermal\Celsius TIFF\00253.TIFF,G:\py2\experiments\flame3_temperature_pseudolabels_preregistered\train_mask_templates\fire\00253.png,C:\Users\钱鹏程QQ78293044\Documents\论文2\flame3_semantic_annotation_subset_150_20260808_final\pseudo_mask_seeds\A066.png
A067,train,empty_fire_hotspot,fire/00459,C:\Users\钱鹏程QQ78293044\Documents\论文2\flame3_semantic_annotation_subset_150_20260808_final\visuals\A067_fire_00459.jpg,Fire,00459,,,,,,,,,not_started,,,2022-10-25 16:59:03,0b,,Fire-folder frame with an empty pseudo Fire core but strong thermal activity; review residual heat versus obscured active combustion.,no,,,,187.42364501953125,2.8360846042633057,0.0,0.0,0.0004852294921875,G:\xiaz\FLAME 3 CV Dataset (Sycan Marsh)\Fire\RGB\Corrected FOV\00459.JPG,G:\xiaz\FLAME 3 CV Dataset (Sycan Marsh)\Fire\Thermal\Raw JPG\00459.JPG,G:\xiaz\FLAME 3 CV Dataset (Sycan Marsh)\Fire\Thermal\Celsius TIFF\00459.TIFF,G:\py2\experiments\flame3_temperature_pseudolabels_preregistered\train_mask_templates\fire\00459.png,C:\Users\钱鹏程QQ78293044\Documents\论文2\flame3_semantic_annotation_subset_150_20260808_final\pseudo_mask_seeds\A067.png
A068,train,empty_fire_hotspot,fire/00247,C:\Users\钱鹏程QQ78293044\Documents\论文2\flame3_semantic_annotation_subset_150_20260808_final\visuals\A068_fire_00247.jpg,Fire,00247,,,,,,,,,not_started,,,2022-10-25 17:00:05,0b,,Fire-folder frame with an empty pseudo Fire core but strong thermal activity; review residual heat versus obscured active combustion.,no,,,,187.42364501953125,9.768078804016113,0.0,0.0,0.0075286865234375,G:\xiaz\FLAME 3 CV Dataset (Sycan Marsh)\Fire\RGB\Corrected FOV\00247.JPG,G:\xiaz\FLAME 3 CV Dataset (Sycan Marsh)\Fire\Thermal\Raw JPG\00247.JPG,G:\xiaz\FLAME 3 CV Dataset (Sycan Marsh)\Fire\Thermal\Celsius TIFF\00247.TIFF,G:\py2\experiments\flame3_temperature_pseudolabels_preregistered\train_mask_templates\fire\00247.png,C:\Users\钱鹏程QQ78293044\Documents\论文2\flame3_semantic_annotation_subset_150_20260808_final\pseudo_mask_seeds\A068.png
A069,train,empty_fire_hotspot,fire/00302,C:\Users\钱鹏程QQ78293044\Documents\论文2\flame3_semantic_annotation_subset_150_20260808_final\visuals\A069_fire_00302.jpg,Fire,00302,,,,,,,,,not_started,,,2022-10-25 16:59:20,0b,,Fire-folder frame with an empty pseudo Fire core but strong thermal activity; review residual heat versus obscured active combustion.,no,,,,187.42364501953125,6.982827663421631,0.0,0.0,0.00667724609375,G:\xiaz\FLAME 3 CV Dataset (Sycan Marsh)\Fire\RGB\Corrected FOV\00302.JPG,G:\xiaz\FLAME 3 CV Dataset (Sycan Marsh)\Fire\Thermal\Raw JPG\00302.JPG,G:\xiaz\FLAME 3 CV Dataset (Sycan Marsh)\Fire\Thermal\Celsius TIFF\00302.TIFF,G:\py2\experiments\flame3_temperature_pseudolabels_preregistered\train_mask_templates\fire\00302.png,C:\Users\钱鹏程QQ78293044\Documents\论文2\flame3_semantic_annotation_subset_150_20260808_final\pseudo_mask_seeds\A069.png
A070,train,empty_fire_hotspot,fire/00544,C:\Users\钱鹏程QQ78293044\Documents\论文2\flame3_semantic_annotation_subset_150_20260808_final\visuals\A070_fire_00544.jpg,Fire,00544,,,,,,,,,not_started,,,2022-10-25 17:00:18,0b,,Fire-folder frame with an empty pseudo Fire core but strong thermal activity; review residual heat versus obscured active combustion.,no,,,,187.42364501953125,9.586498260498047,0.0,0.0,0.004974365234375,G:\xiaz\FLAME 3 CV Dataset (Sycan Marsh)\Fire\RGB\Corrected FOV\00544.JPG,G:\xiaz\FLAME 3 CV Dataset (Sycan Marsh)\Fire\Thermal\Raw JPG\00544.JPG,G:\xiaz\FLAME 3 CV Dataset (Sycan Marsh)\Fire\Thermal\Celsius TIFF\00544.TIFF,G:\py2\experiments\flame3_temperature_pseudolabels_preregistered\train_mask_templates\fire\00544.png,C:\Users\钱鹏程QQ78293044\Documents\论文2\flame3_semantic_annotation_subset_150_20260808_final\pseudo_mask_seeds\A070.png
A071,train,empty_fire_hotspot,fire/00450,C:\Users\钱鹏程QQ78293044\Documents\论文2\flame3_semantic_annotation_subset_150_20260808_final\visuals\A071_fire_00450.jpg,Fire,00450,,,,,,,,,not_started,,,2022-10-25 17:02:32,0b,,Fire-folder frame with an empty pseudo Fire core but strong thermal activity; review residual heat versus obscured active combustion.,no,,,,187.42364501953125,8.80543041229248,0.0,0.0,0.0030181884765625,G:\xiaz\FLAME 3 CV Dataset (Sycan Marsh)\Fire\RGB\Corrected FOV\00450.JPG,G:\xiaz\FLAME 3 CV Dataset (Sycan Marsh)\Fire\Thermal\Raw JPG\00450.JPG,G:\xiaz\FLAME 3 CV Dataset (Sycan Marsh)\Fire\Thermal\Celsius TIFF\00450.TIFF,G:\py2\experiments\flame3_temperature_pseudolabels_preregistered\train_mask_templates\fire\00450.png,C:\Users\钱鹏程QQ78293044\Documents\论文2\flame3_semantic_annotation_subset_150_20260808_final\pseudo_mask_seeds\A071.png
A072,train,empty_fire_hotspot,fire/00449,C:\Users\钱鹏程QQ78293044\Documents\论文2\flame3_semantic_annotation_subset_150_20260808_final\visuals\A072_fire_00449.jpg,Fire,00449,,,,,,,,,not_started,,,2022-10-25 16:59:47,0b,,Fire-folder frame with an empty pseudo Fire core but strong thermal activity; review residual heat versus obscured active combustion.,no,,,,187.42364501953125,7.407052040100098,0.0,0.0,0.002606201171875,G:\xiaz\FLAME 3 CV Dataset (Sycan Marsh)\Fire\RGB\Corrected FOV\00449.JPG,G:\xiaz\FLAME 3 CV Dataset (Sycan Marsh)\Fire\Thermal\Raw JPG\00449.JPG,G:\xiaz\FLAME 3 CV Dataset (Sycan Marsh)\Fire\Thermal\Celsius TIFF\00449.TIFF,G:\py2\experiments\flame3_temperature_pseudolabels_preregistered\train_mask_templates\fire\00449.png,C:\Users\钱鹏程QQ78293044\Documents\论文2\flame3_semantic_annotation_subset_150_20260808_final\pseudo_mask_seeds\A072.png
A073,train,empty_fire_hotspot,fire/00486,C:\Users\钱鹏程QQ78293044\Documents\论文2\flame3_semantic_annotation_subset_150_20260808_final\visuals\A073_fire_00486.jpg,Fire,00486,,,,,,,,,not_started,,,2022-10-25 16:59:53,0b,,Fire-folder frame with an empty pseudo Fire core but strong thermal activity; review residual heat versus obscured active combustion.,no,,,,187.42364501953125,7.5124077796936035,0.0,0.0,0.00201416015625,G:\xiaz\FLAME 3 CV Dataset (Sycan Marsh)\Fire\RGB\Corrected FOV\00486.JPG,G:\xiaz\FLAME 3 CV Dataset (Sycan Marsh)\Fire\Thermal\Raw JPG\00486.JPG,G:\xiaz\FLAME 3 CV Dataset (Sycan Marsh)\Fire\Thermal\Celsius TIFF\00486.TIFF,G:\py2\experiments\flame3_temperature_pseudolabels_preregistered\train_mask_templates\fire\00486.png,C:\Users\钱鹏程QQ78293044\Documents\论文2\flame3_semantic_annotation_subset_150_20260808_final\pseudo_mask_seeds\A073.png
A074,train,empty_fire_hotspot,fire/00143,C:\Users\钱鹏程QQ78293044\Documents\论文2\flame3_semantic_annotation_subset_150_20260808_final\visuals\A074_fire_00143.jpg,Fire,00143,,,,,,,,,not_started,,,2022-10-25 17:02:53,0b,,Fire-folder frame with an empty pseudo Fire core but strong thermal activity; review residual heat versus obscured active combustion.,no,,,,187.42364501953125,8.671635627746582,0.0,0.0,0.0017242431640625,G:\xiaz\FLAME 3 CV Dataset (Sycan Marsh)\Fire\RGB\Corrected FOV\00143.JPG,G:\xiaz\FLAME 3 CV Dataset (Sycan Marsh)\Fire\Thermal\Raw JPG\00143.JPG,G:\xiaz\FLAME 3 CV Dataset (Sycan Marsh)\Fire\Thermal\Celsius TIFF\00143.TIFF,G:\py2\experiments\flame3_temperature_pseudolabels_preregistered\train_mask_templates\fire\00143.png,C:\Users\钱鹏程QQ78293044\Documents\论文2\flame3_semantic_annotation_subset_150_20260808_final\pseudo_mask_seeds\A074.png
A075,train,empty_fire_hotspot,fire/00335,C:\Users\钱鹏程QQ78293044\Documents\论文2\flame3_semantic_annotation_subset_150_20260808_final\visuals\A075_fire_00335.jpg,Fire,00335,,,,,,,,,not_started,,,2022-10-25 16:59:32,0b,,Fire-folder frame with an empty pseudo Fire core but strong thermal activity; review residual heat versus obscured active combustion.,no,,,,187.42364501953125,6.330048561096191,0.0,0.0,0.0010894775390625,G:\xiaz\FLAME 3 CV Dataset (Sycan Marsh)\Fire\RGB\Corrected FOV\00335.JPG,G:\xiaz\FLAME 3 CV Dataset (Sycan Marsh)\Fire\Thermal\Raw JPG\00335.JPG,G:\xiaz\FLAME 3 CV Dataset (Sycan Marsh)\Fire\Thermal\Celsius TIFF\00335.TIFF,G:\py2\experiments\flame3_temperature_pseudolabels_preregistered\train_mask_templates\fire\00335.png,C:\Users\钱鹏程QQ78293044\Documents\论文2\flame3_semantic_annotation_subset_150_20260808_final\pseudo_mask_seeds\A075.png
A076,train,empty_fire_hotspot,fire/00517,C:\Users\钱鹏程QQ78293044\Documents\论文2\flame3_semantic_annotation_subset_150_20260808_final\visuals\A076_fire_00517.jpg,Fire,00517,,,,,,,,,not_started,,,2022-10-25 17:01:39,0b,,Fire-folder frame with an empty pseudo Fire core but strong thermal activity; review residual heat versus obscured active combustion.,no,,,,183.91082763671875,8.51962947845459,0.0,0.0,0.0002838134765625,G:\xiaz\FLAME 3 CV Dataset (Sycan Marsh)\Fire\RGB\Corrected FOV\00517.JPG,G:\xiaz\FLAME 3 CV Dataset (Sycan Marsh)\Fire\Thermal\Raw JPG\00517.JPG,G:\xiaz\FLAME 3 CV Dataset (Sycan Marsh)\Fire\Thermal\Celsius TIFF\00517.TIFF,G:\py2\experiments\flame3_temperature_pseudolabels_preregistered\train_mask_templates\fire\00517.png,C:\Users\钱鹏程QQ78293044\Documents\论文2\flame3_semantic_annotation_subset_150_20260808_final\pseudo_mask_seeds\A076.png
A077,train,empty_fire_hotspot,fire/00538,C:\Users\钱鹏程QQ78293044\Documents\论文2\flame3_semantic_annotation_subset_150_20260808_final\visuals\A077_fire_00538.jpg,Fire,00538,,,,,,,,,not_started,,,2022-10-25 17:02:11,0b,,Fire-folder frame with an empty pseudo Fire core but strong thermal activity; review residual heat versus obscured active combustion.,no,,,,187.42364501953125,9.167440414428711,0.0,0.0,0.00362548828125,G:\xiaz\FLAME 3 CV Dataset (Sycan Marsh)\Fire\RGB\Corrected FOV\00538.JPG,G:\xiaz\FLAME 3 CV Dataset (Sycan Marsh)\Fire\Thermal\Raw JPG\00538.JPG,G:\xiaz\FLAME 3 CV Dataset (Sycan Marsh)\Fire\Thermal\Celsius TIFF\00538.TIFF,G:\py2\experiments\flame3_temperature_pseudolabels_preregistered\train_mask_templates\fire\00538.png,C:\Users\钱鹏程QQ78293044\Documents\论文2\flame3_semantic_annotation_subset_150_20260808_final\pseudo_mask_seeds\A077.png
A078,train,suspected_label_gap_hot_noncore,fire/00170,C:\Users\钱鹏程QQ78293044\Documents\论文2\flame3_semantic_annotation_subset_150_20260808_final\visuals\A078_fire_00170.jpg,Fire,00170,,,,,,,,,not_started,,,2022-10-27 17:47:00,7,,Large 80C-plus thermal region lies outside the retained pseudo Fire core; review possible label gaps under smoke or along the fire front.,no,,,,566.885498046875,28.544424057006836,0.02747802734375,0.0791534423828125,0.0102142333984375,G:\xiaz\FLAME 3 CV Dataset (Sycan Marsh)\Fire\RGB\Corrected FOV\00170.JPG,G:\xiaz\FLAME 3 CV Dataset (Sycan Marsh)\Fire\Thermal\Raw JPG\00170.JPG,G:\xiaz\FLAME 3 CV Dataset (Sycan Marsh)\Fire\Thermal\Celsius TIFF\00170.TIFF,G:\py2\experiments\flame3_temperature_pseudolabels_preregistered\train_mask_templates\fire\00170.png,C:\Users\钱鹏程QQ78293044\Documents\论文2\flame3_semantic_annotation_subset_150_20260808_final\pseudo_mask_seeds\A078.png
A079,train,suspected_label_gap_hot_noncore,fire/00466,C:\Users\钱鹏程QQ78293044\Documents\论文2\flame3_semantic_annotation_subset_150_20260808_final\visuals\A079_fire_00466.jpg,Fire,00466,,,,,,,,,not_started,,,2022-10-27 17:46:06,7,,Large 80C-plus thermal region lies outside the retained pseudo Fire core; review possible label gaps under smoke or along the fire front.,no,,,,608.6897583007812,45.21115493774414,0.04559326171875,0.0924591064453125,0.011553955078125,G:\xiaz\FLAME 3 CV Dataset (Sycan Marsh)\Fire\RGB\Corrected FOV\00466.JPG,G:\xiaz\FLAME 3 CV Dataset (Sycan Marsh)\Fire\Thermal\Raw JPG\00466.JPG,G:\xiaz\FLAME 3 CV Dataset (Sycan Marsh)\Fire\Thermal\Celsius TIFF\00466.TIFF,G:\py2\experiments\flame3_temperature_pseudolabels_preregistered\train_mask_templates\fire\00466.png,C:\Users\钱鹏程QQ78293044\Documents\论文2\flame3_semantic_annotation_subset_150_20260808_final\pseudo_mask_seeds\A079.png
A080,train,suspected_label_gap_hot_noncore,fire/00213,C:\Users\钱鹏程QQ78293044\Documents\论文2\flame3_semantic_annotation_subset_150_20260808_final\visuals\A080_fire_00213.jpg,Fire,00213,,,,,,,,,not_started,,,2022-10-27 17:46:18,7,,Large 80C-plus thermal region lies outside the retained pseudo Fire core; review possible label gaps under smoke or along the fire front.,no,,,,608.6897583007812,45.098915100097656,0.0513824462890625,0.0895050048828125,0.01376953125,G:\xiaz\FLAME 3 CV Dataset (Sycan Marsh)\Fire\RGB\Corrected FOV\00213.JPG,G:\xiaz\FLAME 3 CV Dataset (Sycan Marsh)\Fire\Thermal\Raw JPG\00213.JPG,G:\xiaz\FLAME 3 CV Dataset (Sycan Marsh)\Fire\Thermal\Celsius TIFF\00213.TIFF,G:\py2\experiments\flame3_temperature_pseudolabels_preregistered\train_mask_templates\fire\00213.png,C:\Users\钱鹏程QQ78293044\Documents\论文2\flame3_semantic_annotation_subset_150_20260808_final\pseudo_mask_seeds\A080.png
A081,train,suspected_label_gap_hot_noncore,fire/00281,C:\Users\钱鹏程QQ78293044\Documents\论文2\flame3_semantic_annotation_subset_150_20260808_final\visuals\A081_fire_00281.jpg,Fire,00281,,,,,,,,,not_started,,,2022-10-27 17:45:54,7,,Large 80C-plus thermal region lies outside the retained pseudo Fire core; review possible label gaps under smoke or along the fire front.,no,,,,551.1464233398438,48.70418167114258,0.052789306640625,0.0863494873046875,0.0148101806640625,G:\xiaz\FLAME 3 CV Dataset (Sycan Marsh)\Fire\RGB\Corrected FOV\00281.JPG,G:\xiaz\FLAME 3 CV Dataset (Sycan Marsh)\Fire\Thermal\Raw JPG\00281.JPG,G:\xiaz\FLAME 3 CV Dataset (Sycan Marsh)\Fire\Thermal\Celsius TIFF\00281.TIFF,G:\py2\experiments\flame3_temperature_pseudolabels_preregistered\train_mask_templates\fire\00281.png,C:\Users\钱鹏程QQ78293044\Documents\论文2\flame3_semantic_annotation_subset_150_20260808_final\pseudo_mask_seeds\A081.png
A082,train,suspected_label_gap_hot_noncore,fire/00467,C:\Users\钱鹏程QQ78293044\Documents\论文2\flame3_semantic_annotation_subset_150_20260808_final\visuals\A082_fire_00467.jpg,Fire,00467,,,,,,,,,not_started,,,2022-10-27 17:46:30,7,,Large 80C-plus thermal region lies outside the retained pseudo Fire core; review possible label gaps under smoke or along the fire front.,no,,,,522.7779541015625,39.53632736206055,0.049127197265625,0.0877685546875,0.0149658203125,G:\xiaz\FLAME 3 CV Dataset (Sycan Marsh)\Fire\RGB\Corrected FOV\00467.JPG,G:\xiaz\FLAME 3 CV Dataset (Sycan Marsh)\Fire\Thermal\Raw JPG\00467.JPG,G:\xiaz\FLAME 3 CV Dataset (Sycan Marsh)\Fire\Thermal\Celsius TIFF\00467.TIFF,G:\py2\experiments\flame3_temperature_pseudolabels_preregistered\train_mask_templates\fire\00467.png,C:\Users\钱鹏程QQ78293044\Documents\论文2\flame3_semantic_annotation_subset_150_20260808_final\pseudo_mask_seeds\A082.png
A083,train,suspected_label_gap_hot_noncore,fire/00224,C:\Users\钱鹏程QQ78293044\Documents\论文2\flame3_semantic_annotation_subset_150_20260808_final\visuals\A083_fire_00224.jpg,Fire,00224,,,,,,,,,not_started,,,2022-10-27 19:00:37,8,,Large 80C-plus thermal region lies outside the retained pseudo Fire core; review possible label gaps under smoke or along the fire front.,no,,,,557.2573852539062,15.639015197753906,0.0094146728515625,0.042486572265625,0.0083526611328125,G:\xiaz\FLAME 3 CV Dataset (Sycan Marsh)\Fire\RGB\Corrected FOV\00224.JPG,G:\xiaz\FLAME 3 CV Dataset (Sycan Marsh)\Fire\Thermal\Raw JPG\00224.JPG,G:\xiaz\FLAME 3 CV Dataset (Sycan Marsh)\Fire\Thermal\Celsius TIFF\00224.TIFF,G:\py2\experiments\flame3_temperature_pseudolabels_preregistered\train_mask_templates\fire\00224.png,C:\Users\钱鹏程QQ78293044\Documents\论文2\flame3_semantic_annotation_subset_150_20260808_final\pseudo_mask_seeds\A083.png
A084,train,suspected_label_gap_hot_noncore,fire/00297,C:\Users\钱鹏程QQ78293044\Documents\论文2\flame3_semantic_annotation_subset_150_20260808_final\visuals\A084_fire_00297.jpg,Fire,00297,,,,,,,,,not_started,,,2022-10-27 19:00:49,8,,Large 80C-plus thermal region lies outside the retained pseudo Fire core; review possible label gaps under smoke or along the fire front.,no,,,,608.6897583007812,18.338947296142578,0.0148193359375,0.0352508544921875,0.004937744140625,G:\xiaz\FLAME 3 CV Dataset (Sycan Marsh)\Fire\RGB\Corrected FOV\00297.JPG,G:\xiaz\FLAME 3 CV Dataset (Sycan Marsh)\Fire\Thermal\Raw JPG\00297.JPG,G:\xiaz\FLAME 3 CV Dataset (Sycan Marsh)\Fire\Thermal\Celsius TIFF\00297.TIFF,G:\py2\experiments\flame3_temperature_pseudolabels_preregistered\train_mask_templates\fire\00297.png,C:\Users\钱鹏程QQ78293044\Documents\论文2\flame3_semantic_annotation_subset_150_20260808_final\pseudo_mask_seeds\A084.png
A085,train,suspected_label_gap_hot_noncore,fire/00078,C:\Users\钱鹏程QQ78293044\Documents\论文2\flame3_semantic_annotation_subset_150_20260808_final\visuals\A085_fire_00078.jpg,Fire,00078,,,,,,,,,not_started,,,2022-10-26 18:43:45,1,,Large 80C-plus thermal region lies outside the retained pseudo Fire core; review possible label gaps under smoke or along the fire front.,no,,,,608.6897583007812,17.249826431274414,0.0142608642578125,0.0241058349609375,0.001641845703125,G:\xiaz\FLAME 3 CV Dataset (Sycan Marsh)\Fire\RGB\Corrected FOV\00078.JPG,G:\xiaz\FLAME 3 CV Dataset (Sycan Marsh)\Fire\Thermal\Raw JPG\00078.JPG,G:\xiaz\FLAME 3 CV Dataset (Sycan Marsh)\Fire\Thermal\Celsius TIFF\00078.TIFF,G:\py2\experiments\flame3_temperature_pseudolabels_preregistered\train_mask_templates\fire\00078.png,C:\Users\钱鹏程QQ78293044\Documents\论文2\flame3_semantic_annotation_subset_150_20260808_final\pseudo_mask_seeds\A085.png
A086,train,suspected_label_gap_hot_noncore,fire/00074,C:\Users\钱鹏程QQ78293044\Documents\论文2\flame3_semantic_annotation_subset_150_20260808_final\visuals\A086_fire_00074.jpg,Fire,00074,,,,,,,,,not_started,,,2022-10-26 18:44:15,1,,Large 80C-plus thermal region lies outside the retained pseudo Fire core; review possible label gaps under smoke or along the fire front.,no,,,,608.6897583007812,15.820094108581543,0.00965576171875,0.0233978271484375,0.0014892578125,G:\xiaz\FLAME 3 CV Dataset (Sycan Marsh)\Fire\RGB\Corrected FOV\00074.JPG,G:\xiaz\FLAME 3 CV Dataset (Sycan Marsh)\Fire\Thermal\Raw JPG\00074.JPG,G:\xiaz\FLAME 3 CV Dataset (Sycan Marsh)\Fire\Thermal\Celsius TIFF\00074.TIFF,G:\py2\experiments\flame3_temperature_pseudolabels_preregistered\train_mask_templates\fire\00074.png,C:\Users\钱鹏程QQ78293044\Documents\论文2\flame3_semantic_annotation_subset_150_20260808_final\pseudo_mask_seeds\A086.png
A087,train,suspected_label_gap_hot_noncore,fire/00040,C:\Users\钱鹏程QQ78293044\Documents\论文2\flame3_semantic_annotation_subset_150_20260808_final\visuals\A087_fire_00040.jpg,Fire,00040,,,,,,,,,not_started,,,2022-10-27 19:00:25,8,,Large 80C-plus thermal region lies outside the retained pseudo Fire core; review possible label gaps under smoke or along the fire front.,no,,,,489.0646667480469,14.106306076049805,0.013763427734375,0.0284820556640625,0.0043243408203125,G:\xiaz\FLAME 3 CV Dataset (Sycan Marsh)\Fire\RGB\Corrected FOV\00040.JPG,G:\xiaz\FLAME 3 CV Dataset (Sycan Marsh)\Fire\Thermal\Raw JPG\00040.JPG,G:\xiaz\FLAME 3 CV Dataset (Sycan Marsh)\Fire\Thermal\Celsius TIFF\00040.TIFF,G:\py2\experiments\flame3_temperature_pseudolabels_preregistered\train_mask_templates\fire\00040.png,C:\Users\钱鹏程QQ78293044\Documents\论文2\flame3_semantic_annotation_subset_150_20260808_final\pseudo_mask_seeds\A087.png
A088,train,suspected_label_gap_hot_noncore,fire/00056,C:\Users\钱鹏程QQ78293044\Documents\论文2\flame3_semantic_annotation_subset_150_20260808_final\visuals\A088_fire_00056.jpg,Fire,00056,,,,,,,,,not_started,,,2022-10-26 18:43:30,1,,Large 80C-plus thermal region lies outside the retained pseudo Fire core; review possible label gaps under smoke or along the fire front.,no,,,,608.6897583007812,17.261018753051758,0.01539306640625,0.022247314453125,0.0017669677734375,G:\xiaz\FLAME 3 CV Dataset (Sycan Marsh)\Fire\RGB\Corrected FOV\00056.JPG,G:\xiaz\FLAME 3 CV Dataset (Sycan Marsh)\Fire\Thermal\Raw JPG\00056.JPG,G:\xiaz\FLAME 3 CV Dataset (Sycan Marsh)\Fire\Thermal\Celsius TIFF\00056.TIFF,G:\py2\experiments\flame3_temperature_pseudolabels_preregistered\train_mask_templates\fire\00056.png,C:\Users\钱鹏程QQ78293044\Documents\论文2\flame3_semantic_annotation_subset_150_20260808_final\pseudo_mask_seeds\A088.png
A089,train,suspected_label_gap_hot_noncore,fire/00122,C:\Users\钱鹏程QQ78293044\Documents\论文2\flame3_semantic_annotation_subset_150_20260808_final\visuals\A089_fire_00122.jpg,Fire,00122,,,,,,,,,not_started,,,2022-10-26 18:38:48,1,,Large 80C-plus thermal region lies outside the retained pseudo Fire core; review possible label gaps under smoke or along the fire front.,no,,,,578.2103271484375,12.422117233276367,0.00748291015625,0.02093505859375,0.001763916015625,G:\xiaz\FLAME 3 CV Dataset (Sycan Marsh)\Fire\RGB\Corrected FOV\00122.JPG,G:\xiaz\FLAME 3 CV Dataset (Sycan Marsh)\Fire\Thermal\Raw JPG\00122.JPG,G:\xiaz\FLAME 3 CV Dataset (Sycan Marsh)\Fire\Thermal\Celsius TIFF\00122.TIFF,G:\py2\experiments\flame3_temperature_pseudolabels_preregistered\train_mask_templates\fire\00122.png,C:\Users\钱鹏程QQ78293044\Documents\论文2\flame3_semantic_annotation_subset_150_20260808_final\pseudo_mask_seeds\A089.png
A090,train,suspected_label_gap_hot_noncore,fire/00419,C:\Users\钱鹏程QQ78293044\Documents\论文2\flame3_semantic_annotation_subset_150_20260808_final\visuals\A090_fire_00419.jpg,Fire,00419,,,,,,,,,not_started,,,2022-10-26 18:31:39,1,,Large 80C-plus thermal region lies outside the retained pseudo Fire core; review possible label gaps under smoke or along the fire front.,no,,,,604.8112182617188,13.575967788696289,0.008074951171875,0.0216583251953125,0.002044677734375,G:\xiaz\FLAME 3 CV Dataset (Sycan Marsh)\Fire\RGB\Corrected FOV\00419.JPG,G:\xiaz\FLAME 3 CV Dataset (Sycan Marsh)\Fire\Thermal\Raw JPG\00419.JPG,G:\xiaz\FLAME 3 CV Dataset (Sycan Marsh)\Fire\Thermal\Celsius TIFF\00419.TIFF,G:\py2\experiments\flame3_temperature_pseudolabels_preregistered\train_mask_templates\fire\00419.png,C:\Users\钱鹏程QQ78293044\Documents\论文2\flame3_semantic_annotation_subset_150_20260808_final\pseudo_mask_seeds\A090.png
A091,train,suspected_label_gap_hot_noncore,fire/00039,C:\Users\钱鹏程QQ78293044\Documents\论文2\flame3_semantic_annotation_subset_150_20260808_final\visuals\A091_fire_00039.jpg,Fire,00039,,,,,,,,,not_started,,,2022-10-27 15:42:42,5,,Large 80C-plus thermal region lies outside the retained pseudo Fire core; review possible label gaps under smoke or along the fire front.,no,,,,568.3460693359375,14.674592971801758,0.0063507080078125,0.0146453857421875,0.0013458251953125,G:\xiaz\FLAME 3 CV Dataset (Sycan Marsh)\Fire\RGB\Corrected FOV\00039.JPG,G:\xiaz\FLAME 3 CV Dataset (Sycan Marsh)\Fire\Thermal\Raw JPG\00039.JPG,G:\xiaz\FLAME 3 CV Dataset (Sycan Marsh)\Fire\Thermal\Celsius TIFF\00039.TIFF,G:\py2\experiments\flame3_temperature_pseudolabels_preregistered\train_mask_templates\fire\00039.png,C:\Users\钱鹏程QQ78293044\Documents\论文2\flame3_semantic_annotation_subset_150_20260808_final\pseudo_mask_seeds\A091.png
A092,train,suspected_label_gap_hot_noncore,fire/00107,C:\Users\钱鹏程QQ78293044\Documents\论文2\flame3_semantic_annotation_subset_150_20260808_final\visuals\A092_fire_00107.jpg,Fire,00107,,,,,,,,,not_started,,,2022-10-27 19:00:13,8,,Large 80C-plus thermal region lies outside the retained pseudo Fire core; review possible label gaps under smoke or along the fire front.,no,,,,538.8110961914062,16.7054443359375,0.0189605712890625,0.0262176513671875,0.0052001953125,G:\xiaz\FLAME 3 CV Dataset (Sycan Marsh)\Fire\RGB\Corrected FOV\00107.JPG,G:\xiaz\FLAME 3 CV Dataset (Sycan Marsh)\Fire\Thermal\Raw JPG\00107.JPG,G:\xiaz\FLAME 3 CV Dataset (Sycan Marsh)\Fire\Thermal\Celsius TIFF\00107.TIFF,G:\py2\experiments\flame3_temperature_pseudolabels_preregistered\train_mask_templates\fire\00107.png,C:\Users\钱鹏程QQ78293044\Documents\论文2\flame3_semantic_annotation_subset_150_20260808_final\pseudo_mask_seeds\A092.png
A093,train,small_or_weak_fire_core,fire/00426,C:\Users\钱鹏程QQ78293044\Documents\论文2\flame3_semantic_annotation_subset_150_20260808_final\visuals\A093_fire_00426.jpg,Fire,00426,,,,,,,,,not_started,,,2022-10-27 17:49:14,7,,"Small or comparatively low-temperature Fire core; review weak, distant, smoke-obscured and edge fire pixels.",no,,,,216.73129272460938,-14.004968643188477,0.000103759765625,0.001708984375,0.00115966796875,G:\xiaz\FLAME 3 CV Dataset (Sycan Marsh)\Fire\RGB\Corrected FOV\00426.JPG,G:\xiaz\FLAME 3 CV Dataset (Sycan Marsh)\Fire\Thermal\Raw JPG\00426.JPG,G:\xiaz\FLAME 3 CV Dataset (Sycan Marsh)\Fire\Thermal\Celsius TIFF\00426.TIFF,G:\py2\experiments\flame3_temperature_pseudolabels_preregistered\train_mask_templates\fire\00426.png,C:\Users\钱鹏程QQ78293044\Documents\论文2\flame3_semantic_annotation_subset_150_20260808_final\pseudo_mask_seeds\A093.png
A094,train,small_or_weak_fire_core,fire/00361,C:\Users\钱鹏程QQ78293044\Documents\论文2\flame3_semantic_annotation_subset_150_20260808_final\visuals\A094_fire_00361.jpg,Fire,00361,,,,,,,,,not_started,,,2022-10-27 17:49:29,7,,"Small or comparatively low-temperature Fire core; review weak, distant, smoke-obscured and edge fire pixels.",no,,,,262.3310241699219,-9.330347061157227,0.000152587890625,0.0026275634765625,0.0008392333984375,G:\xiaz\FLAME 3 CV Dataset (Sycan Marsh)\Fire\RGB\Corrected FOV\00361.JPG,G:\xiaz\FLAME 3 CV Dataset (Sycan Marsh)\Fire\Thermal\Raw JPG\00361.JPG,G:\xiaz\FLAME 3 CV Dataset (Sycan Marsh)\Fire\Thermal\Celsius TIFF\00361.TIFF,G:\py2\experiments\flame3_temperature_pseudolabels_preregistered\train_mask_templates\fire\00361.png,C:\Users\钱鹏程QQ78293044\Documents\论文2\flame3_semantic_annotation_subset_150_20260808_final\pseudo_mask_seeds\A094.png
A095,train,small_or_weak_fire_core,fire/00557,C:\Users\钱鹏程QQ78293044\Documents\论文2\flame3_semantic_annotation_subset_150_20260808_final\visuals\A095_fire_00557.jpg,Fire,00557,,,,,,,,,not_started,,,2022-10-27 15:42:03,5,,"Small or comparatively low-temperature Fire core; review weak, distant, smoke-obscured and edge fire pixels.",no,,,,321.7037658691406,8.893087387084961,0.0001739501953125,0.0019744873046875,0.000640869140625,G:\xiaz\FLAME 3 CV Dataset (Sycan Marsh)\Fire\RGB\Corrected FOV\00557.JPG,G:\xiaz\FLAME 3 CV Dataset (Sycan Marsh)\Fire\Thermal\Raw JPG\00557.JPG,G:\xiaz\FLAME 3 CV Dataset (Sycan Marsh)\Fire\Thermal\Celsius TIFF\00557.TIFF,G:\py2\experiments\flame3_temperature_pseudolabels_preregistered\train_mask_templates\fire\00557.png,C:\Users\钱鹏程QQ78293044\Documents\论文2\flame3_semantic_annotation_subset_150_20260808_final\pseudo_mask_seeds\A095.png
A096,train,small_or_weak_fire_core,fire/00079,C:\Users\钱鹏程QQ78293044\Documents\论文2\flame3_semantic_annotation_subset_150_20260808_final\visuals\A096_fire_00079.jpg,Fire,00079,,,,,,,,,not_started,,,2022-10-27 17:49:56,7,,"Small or comparatively low-temperature Fire core; review weak, distant, smoke-obscured and edge fire pixels.",no,,,,304.0756530761719,6.509897708892822,0.0002349853515625,0.003253173828125,0.00079345703125,G:\xiaz\FLAME 3 CV Dataset (Sycan Marsh)\Fire\RGB\Corrected FOV\00079.JPG,G:\xiaz\FLAME 3 CV Dataset (Sycan Marsh)\Fire\Thermal\Raw JPG\00079.JPG,G:\xiaz\FLAME 3 CV Dataset (Sycan Marsh)\Fire\Thermal\Celsius TIFF\00079.TIFF,G:\py2\experiments\flame3_temperature_pseudolabels_preregistered\train_mask_templates\fire\00079.png,C:\Users\钱鹏程QQ78293044\Documents\论文2\flame3_semantic_annotation_subset_150_20260808_final\pseudo_mask_seeds\A096.png
A097,train,small_or_weak_fire_core,fire/00398,C:\Users\钱鹏程QQ78293044\Documents\论文2\flame3_semantic_annotation_subset_150_20260808_final\visuals\A097_fire_00398.jpg,Fire,00398,,,,,,,,,not_started,,,2022-10-27 17:49:41,7,,"Small or comparatively low-temperature Fire core; review weak, distant, smoke-obscured and edge fire pixels.",no,,,,314.0871276855469,3.633192777633667,0.0002288818359375,0.0028564453125,0.000933837890625,G:\xiaz\FLAME 3 CV Dataset (Sycan Marsh)\Fire\RGB\Corrected FOV\00398.JPG,G:\xiaz\FLAME 3 CV Dataset (Sycan Marsh)\Fire\Thermal\Raw JPG\00398.JPG,G:\xiaz\FLAME 3 CV Dataset (Sycan Marsh)\Fire\Thermal\Celsius TIFF\00398.TIFF,G:\py2\experiments\flame3_temperature_pseudolabels_preregistered\train_mask_templates\fire\00398.png,C:\Users\钱鹏程QQ78293044\Documents\论文2\flame3_semantic_annotation_subset_150_20260808_final\pseudo_mask_seeds\A097.png
A098,train,small_or_weak_fire_core,fire/00101,C:\Users\钱鹏程QQ78293044\Documents\论文2\flame3_semantic_annotation_subset_150_20260808_final\visuals\A098_fire_00101.jpg,Fire,00101,,,,,,,,,not_started,,,2022-10-27 17:48:59,7,,"Small or comparatively low-temperature Fire core; review weak, distant, smoke-obscured and edge fire pixels.",no,,,,264.8242492675781,-3.0000176429748535,0.0002716064453125,0.0029205322265625,0.0010498046875,G:\xiaz\FLAME 3 CV Dataset (Sycan Marsh)\Fire\RGB\Corrected FOV\00101.JPG,G:\xiaz\FLAME 3 CV Dataset (Sycan Marsh)\Fire\Thermal\Raw JPG\00101.JPG,G:\xiaz\FLAME 3 CV Dataset (Sycan Marsh)\Fire\Thermal\Celsius TIFF\00101.TIFF,G:\py2\experiments\flame3_temperature_pseudolabels_preregistered\train_mask_templates\fire\00101.png,C:\Users\钱鹏程QQ78293044\Documents\论文2\flame3_semantic_annotation_subset_150_20260808_final\pseudo_mask_seeds\A098.png
A099,train,small_or_weak_fire_core,fire/00405,C:\Users\钱鹏程QQ78293044\Documents\论文2\flame3_semantic_annotation_subset_150_20260808_final\visuals\A099_fire_00405.jpg,Fire,00405,,,,,,,,,not_started,,,2022-10-27 15:41:51,5,,"Small or comparatively low-temperature Fire core; review weak, distant, smoke-obscured and edge fire pixels.",no,,,,318.6381530761719,6.276719570159912,0.0002838134765625,0.0026031494140625,0.000738525390625,G:\xiaz\FLAME 3 CV Dataset (Sycan Marsh)\Fire\RGB\Corrected FOV\00405.JPG,G:\xiaz\FLAME 3 CV Dataset (Sycan Marsh)\Fire\Thermal\Raw JPG\00405.JPG,G:\xiaz\FLAME 3 CV Dataset (Sycan Marsh)\Fire\Thermal\Celsius TIFF\00405.TIFF,G:\py2\experiments\flame3_temperature_pseudolabels_preregistered\train_mask_templates\fire\00405.png,C:\Users\钱鹏程QQ78293044\Documents\论文2\flame3_semantic_annotation_subset_150_20260808_final\pseudo_mask_seeds\A099.png
A100,train,small_or_weak_fire_core,fire/00277,C:\Users\钱鹏程QQ78293044\Documents\论文2\flame3_semantic_annotation_subset_150_20260808_final\visuals\A100_fire_00277.jpg,Fire,00277,,,,,,,,,not_started,,,2022-10-26 18:32:15,1,,"Small or comparatively low-temperature Fire core; review weak, distant, smoke-obscured and edge fire pixels.",no,,,,420.9620056152344,6.037326335906982,0.0005706787109375,0.0053192138671875,0.0007354736328125,G:\xiaz\FLAME 3 CV Dataset (Sycan Marsh)\Fire\RGB\Corrected FOV\00277.JPG,G:\xiaz\FLAME 3 CV Dataset (Sycan Marsh)\Fire\Thermal\Raw JPG\00277.JPG,G:\xiaz\FLAME 3 CV Dataset (Sycan Marsh)\Fire\Thermal\Celsius TIFF\00277.TIFF,G:\py2\experiments\flame3_temperature_pseudolabels_preregistered\train_mask_templates\fire\00277.png,C:\Users\钱鹏程QQ78293044\Documents\论文2\flame3_semantic_annotation_subset_150_20260808_final\pseudo_mask_seeds\A100.png
A101,train,small_or_weak_fire_core,fire/00033,C:\Users\钱鹏程QQ78293044\Documents\论文2\flame3_semantic_annotation_subset_150_20260808_final\visuals\A101_fire_00033.jpg,Fire,00033,,,,,,,,,not_started,,,2022-10-26 18:33:36,1,,"Small or comparatively low-temperature Fire core; review weak, distant, smoke-obscured and edge fire pixels.",no,,,,425.6258850097656,6.517437934875488,0.0006988525390625,0.005474853515625,0.00068359375,G:\xiaz\FLAME 3 CV Dataset (Sycan Marsh)\Fire\RGB\Corrected FOV\00033.JPG,G:\xiaz\FLAME 3 CV Dataset (Sycan Marsh)\Fire\Thermal\Raw JPG\00033.JPG,G:\xiaz\FLAME 3 CV Dataset (Sycan Marsh)\Fire\Thermal\Celsius TIFF\00033.TIFF,G:\py2\experiments\flame3_temperature_pseudolabels_preregistered\train_mask_templates\fire\00033.png,C:\Users\钱鹏程QQ78293044\Documents\论文2\flame3_semantic_annotation_subset_150_20260808_final\pseudo_mask_seeds\A101.png
A102,train,small_or_weak_fire_core,fire/00416,C:\Users\钱鹏程QQ78293044\Documents\论文2\flame3_semantic_annotation_subset_150_20260808_final\visuals\A102_fire_00416.jpg,Fire,00416,,,,,,,,,not_started,,,2022-10-26 18:33:51,1,,"Small or comparatively low-temperature Fire core; review weak, distant, smoke-obscured and edge fire pixels.",no,,,,508.4866638183594,4.640261650085449,0.0008758544921875,0.0068389892578125,0.0009857177734375,G:\xiaz\FLAME 3 CV Dataset (Sycan Marsh)\Fire\RGB\Corrected FOV\00416.JPG,G:\xiaz\FLAME 3 CV Dataset (Sycan Marsh)\Fire\Thermal\Raw JPG\00416.JPG,G:\xiaz\FLAME 3 CV Dataset (Sycan Marsh)\Fire\Thermal\Celsius TIFF\00416.TIFF,G:\py2\experiments\flame3_temperature_pseudolabels_preregistered\train_mask_templates\fire\00416.png,C:\Users\钱鹏程QQ78293044\Documents\论文2\flame3_semantic_annotation_subset_150_20260808_final\pseudo_mask_seeds\A102.png
A103,train,small_or_weak_fire_core,fire/00364,C:\Users\钱鹏程QQ78293044\Documents\论文2\flame3_semantic_annotation_subset_150_20260808_final\visuals\A103_fire_00364.jpg,Fire,00364,,,,,,,,,not_started,,,2022-10-26 18:34:09,1,,"Small or comparatively low-temperature Fire core; review weak, distant, smoke-obscured and edge fire pixels.",no,,,,527.8104858398438,3.0158095359802246,0.000927734375,0.007183837890625,0.0007965087890625,G:\xiaz\FLAME 3 CV Dataset (Sycan Marsh)\Fire\RGB\Corrected FOV\00364.JPG,G:\xiaz\FLAME 3 CV Dataset (Sycan Marsh)\Fire\Thermal\Raw JPG\00364.JPG,G:\xiaz\FLAME 3 CV Dataset (Sycan Marsh)\Fire\Thermal\Celsius TIFF\00364.TIFF,G:\py2\experiments\flame3_temperature_pseudolabels_preregistered\train_mask_templates\fire\00364.png,C:\Users\钱鹏程QQ78293044\Documents\论文2\flame3_semantic_annotation_subset_150_20260808_final\pseudo_mask_seeds\A103.png
A104,train,small_or_weak_fire_core,fire/00012,C:\Users\钱鹏程QQ78293044\Documents\论文2\flame3_semantic_annotation_subset_150_20260808_final\visuals\A104_fire_00012.jpg,Fire,00012,,,,,,,,,not_started,,,2022-10-26 18:34:57,1,,"Small or comparatively low-temperature Fire core; review weak, distant, smoke-obscured and edge fire pixels.",no,,,,464.0576477050781,4.598414421081543,0.00091552734375,0.006512451171875,0.0007781982421875,G:\xiaz\FLAME 3 CV Dataset (Sycan Marsh)\Fire\RGB\Corrected FOV\00012.JPG,G:\xiaz\FLAME 3 CV Dataset (Sycan Marsh)\Fire\Thermal\Raw JPG\00012.JPG,G:\xiaz\FLAME 3 CV Dataset (Sycan Marsh)\Fire\Thermal\Celsius TIFF\00012.TIFF,G:\py2\experiments\flame3_temperature_pseudolabels_preregistered\train_mask_templates\fire\00012.png,C:\Users\钱鹏程QQ78293044\Documents\论文2\flame3_semantic_annotation_subset_150_20260808_final\pseudo_mask_seeds\A104.png
A105,train,small_or_weak_fire_core,fire/00387,C:\Users\钱鹏程QQ78293044\Documents\论文2\flame3_semantic_annotation_subset_150_20260808_final\visuals\A105_fire_00387.jpg,Fire,00387,,,,,,,,,not_started,,,2022-10-26 18:34:44,1,,"Small or comparatively low-temperature Fire core; review weak, distant, smoke-obscured and edge fire pixels.",no,,,,519.7111206054688,4.570104122161865,0.0010223388671875,0.00723876953125,0.0008056640625,G:\xiaz\FLAME 3 CV Dataset (Sycan Marsh)\Fire\RGB\Corrected FOV\00387.JPG,G:\xiaz\FLAME 3 CV Dataset (Sycan Marsh)\Fire\Thermal\Raw JPG\00387.JPG,G:\xiaz\FLAME 3 CV Dataset (Sycan Marsh)\Fire\Thermal\Celsius TIFF\00387.TIFF,G:\py2\experiments\flame3_temperature_pseudolabels_preregistered\train_mask_templates\fire\00387.png,C:\Users\钱鹏程QQ78293044\Documents\论文2\flame3_semantic_annotation_subset_150_20260808_final\pseudo_mask_seeds\A105.png
A106,train,small_or_weak_fire_core,fire/00493,C:\Users\钱鹏程QQ78293044\Documents\论文2\flame3_semantic_annotation_subset_150_20260808_final\visuals\A106_fire_00493.jpg,Fire,00493,,,,,,,,,not_started,,,2022-10-26 18:32:03,1,,"Small or comparatively low-temperature Fire core; review weak, distant, smoke-obscured and edge fire pixels.",no,,,,577.2537231445312,6.559028625488281,0.0014373779296875,0.0096221923828125,0.00057373046875,G:\xiaz\FLAME 3 CV Dataset (Sycan Marsh)\Fire\RGB\Corrected FOV\00493.JPG,G:\xiaz\FLAME 3 CV Dataset (Sycan Marsh)\Fire\Thermal\Raw JPG\00493.JPG,G:\xiaz\FLAME 3 CV Dataset (Sycan Marsh)\Fire\Thermal\Celsius TIFF\00493.TIFF,G:\py2\experiments\flame3_temperature_pseudolabels_preregistered\train_mask_templates\fire\00493.png,C:\Users\钱鹏程QQ78293044\Documents\论文2\flame3_semantic_annotation_subset_150_20260808_final\pseudo_mask_seeds\A106.png
A107,train,small_or_weak_fire_core,fire/00318,C:\Users\钱鹏程QQ78293044\Documents\论文2\flame3_semantic_annotation_subset_150_20260808_final\visuals\A107_fire_00318.jpg,Fire,00318,,,,,,,,,not_started,,,2022-10-27 17:48:44,7,,"Small or comparatively low-temperature Fire core; review weak, distant, smoke-obscured and edge fire pixels.",no,,,,382.6927185058594,8.12643051147461,0.001763916015625,0.0102508544921875,0.00045166015625,G:\xiaz\FLAME 3 CV Dataset (Sycan Marsh)\Fire\RGB\Corrected FOV\00318.JPG,G:\xiaz\FLAME 3 CV Dataset (Sycan Marsh)\Fire\Thermal\Raw JPG\00318.JPG,G:\xiaz\FLAME 3 CV Dataset (Sycan Marsh)\Fire\Thermal\Celsius TIFF\00318.TIFF,G:\py2\experiments\flame3_temperature_pseudolabels_preregistered\train_mask_templates\fire\00318.png,C:\Users\钱鹏程QQ78293044\Documents\论文2\flame3_semantic_annotation_subset_150_20260808_final\pseudo_mask_seeds\A107.png
A108,train,small_or_weak_fire_core,fire/00003,C:\Users\钱鹏程QQ78293044\Documents\论文2\flame3_semantic_annotation_subset_150_20260808_final\visuals\A108_fire_00003.jpg,Fire,00003,,,,,,,,,not_started,,,2022-10-27 19:00:22,8,,"Small or comparatively low-temperature Fire core; review weak, distant, smoke-obscured and edge fire pixels.",no,,,,356.9301452636719,13.299795150756836,0.00191650390625,0.0106536865234375,0.010504150390625,G:\xiaz\FLAME 3 CV Dataset (Sycan Marsh)\Fire\RGB\Corrected FOV\00003.JPG,G:\xiaz\FLAME 3 CV Dataset (Sycan Marsh)\Fire\Thermal\Raw JPG\00003.JPG,G:\xiaz\FLAME 3 CV Dataset (Sycan Marsh)\Fire\Thermal\Celsius TIFF\00003.TIFF,G:\py2\experiments\flame3_temperature_pseudolabels_preregistered\train_mask_templates\fire\00003.png,C:\Users\钱鹏程QQ78293044\Documents\论文2\flame3_semantic_annotation_subset_150_20260808_final\pseudo_mask_seeds\A108.png
A109,train,small_or_weak_fire_core,fire/00046,C:\Users\钱鹏程QQ78293044\Documents\论文2\flame3_semantic_annotation_subset_150_20260808_final\visuals\A109_fire_00046.jpg,Fire,00046,,,,,,,,,not_started,,,2022-10-26 19:11:57,3,,"Small or comparatively low-temperature Fire core; review weak, distant, smoke-obscured and edge fire pixels.",no,,,,481.5161437988281,2.335872173309326,0.001116943359375,0.004730224609375,0.0003143310546875,G:\xiaz\FLAME 3 CV Dataset (Sycan Marsh)\Fire\RGB\Corrected FOV\00046.JPG,G:\xiaz\FLAME 3 CV Dataset (Sycan Marsh)\Fire\Thermal\Raw JPG\00046.JPG,G:\xiaz\FLAME 3 CV Dataset (Sycan Marsh)\Fire\Thermal\Celsius TIFF\00046.TIFF,G:\py2\experiments\flame3_temperature_pseudolabels_preregistered\train_mask_templates\fire\00046.png,C:\Users\钱鹏程QQ78293044\Documents\论文2\flame3_semantic_annotation_subset_150_20260808_final\pseudo_mask_seeds\A109.png
A110,train,small_or_weak_fire_core,fire/00097,C:\Users\钱鹏程QQ78293044\Documents\论文2\flame3_semantic_annotation_subset_150_20260808_final\visuals\A110_fire_00097.jpg,Fire,00097,,,,,,,,,not_started,,,2022-10-27 15:41:24,5,,"Small or comparatively low-temperature Fire core; review weak, distant, smoke-obscured and edge fire pixels.",no,,,,451.6498107910156,3.107710361480713,0.0014678955078125,0.006817626953125,0.0004669189453125,G:\xiaz\FLAME 3 CV Dataset (Sycan Marsh)\Fire\RGB\Corrected FOV\00097.JPG,G:\xiaz\FLAME 3 CV Dataset (Sycan Marsh)\Fire\Thermal\Raw JPG\00097.JPG,G:\xiaz\FLAME 3 CV Dataset (Sycan Marsh)\Fire\Thermal\Celsius TIFF\00097.TIFF,G:\py2\experiments\flame3_temperature_pseudolabels_preregistered\train_mask_templates\fire\00097.png,C:\Users\钱鹏程QQ78293044\Documents\论文2\flame3_semantic_annotation_subset_150_20260808_final\pseudo_mask_seeds\A110.png
A111,train,small_or_weak_fire_core,fire/00153,C:\Users\钱鹏程QQ78293044\Documents\论文2\flame3_semantic_annotation_subset_150_20260808_final\visuals\A111_fire_00153.jpg,Fire,00153,,,,,,,,,not_started,,,2022-10-27 15:41:36,5,,"Small or comparatively low-temperature Fire core; review weak, distant, smoke-obscured and edge fire pixels.",no,,,,483.7430725097656,4.778707981109619,0.001776123046875,0.00767822265625,0.0007568359375,G:\xiaz\FLAME 3 CV Dataset (Sycan Marsh)\Fire\RGB\Corrected FOV\00153.JPG,G:\xiaz\FLAME 3 CV Dataset (Sycan Marsh)\Fire\Thermal\Raw JPG\00153.JPG,G:\xiaz\FLAME 3 CV Dataset (Sycan Marsh)\Fire\Thermal\Celsius TIFF\00153.TIFF,G:\py2\experiments\flame3_temperature_pseudolabels_preregistered\train_mask_templates\fire\00153.png,C:\Users\钱鹏程QQ78293044\Documents\论文2\flame3_semantic_annotation_subset_150_20260808_final\pseudo_mask_seeds\A111.png
A112,train,small_or_weak_fire_core,fire/00512,C:\Users\钱鹏程QQ78293044\Documents\论文2\flame3_semantic_annotation_subset_150_20260808_final\visuals\A112_fire_00512.jpg,Fire,00512,,,,,,,,,not_started,,,2022-10-26 19:12:25,3,,"Small or comparatively low-temperature Fire core; review weak, distant, smoke-obscured and edge fire pixels.",no,,,,501.0714416503906,3.2846667766571045,0.0017364501953125,0.0063690185546875,0.000433349609375,G:\xiaz\FLAME 3 CV Dataset (Sycan Marsh)\Fire\RGB\Corrected FOV\00512.JPG,G:\xiaz\FLAME 3 CV Dataset (Sycan Marsh)\Fire\Thermal\Raw JPG\00512.JPG,G:\xiaz\FLAME 3 CV Dataset (Sycan Marsh)\Fire\Thermal\Celsius TIFF\00512.TIFF,G:\py2\experiments\flame3_temperature_pseudolabels_preregistered\train_mask_templates\fire\00512.png,C:\Users\钱鹏程QQ78293044\Documents\论文2\flame3_semantic_annotation_subset_150_20260808_final\pseudo_mask_seeds\A112.png
A113,train,small_or_weak_fire_core,fire/00090,C:\Users\钱鹏程QQ78293044\Documents\论文2\flame3_semantic_annotation_subset_150_20260808_final\visuals\A113_fire_00090.jpg,Fire,00090,,,,,,,,,not_started,,,2022-10-27 17:47:08,7,,"Small or comparatively low-temperature Fire core; review weak, distant, smoke-obscured and edge fire pixels.",no,,,,485.4500427246094,13.89610767364502,0.0020355224609375,0.0075164794921875,0.00155029296875,G:\xiaz\FLAME 3 CV Dataset (Sycan Marsh)\Fire\RGB\Corrected FOV\00090.JPG,G:\xiaz\FLAME 3 CV Dataset (Sycan Marsh)\Fire\Thermal\Raw JPG\00090.JPG,G:\xiaz\FLAME 3 CV Dataset (Sycan Marsh)\Fire\Thermal\Celsius TIFF\00090.TIFF,G:\py2\experiments\flame3_temperature_pseudolabels_preregistered\train_mask_templates\fire\00090.png,C:\Users\钱鹏程QQ78293044\Documents\论文2\flame3_semantic_annotation_subset_150_20260808_final\pseudo_mask_seeds\A113.png
A114,train,small_or_weak_fire_core,fire/00243,C:\Users\钱鹏程QQ78293044\Documents\论文2\flame3_semantic_annotation_subset_150_20260808_final\visuals\A114_fire_00243.jpg,Fire,00243,,,,,,,,,not_started,,,2022-10-26 19:11:42,3,,"Small or comparatively low-temperature Fire core; review weak, distant, smoke-obscured and edge fire pixels.",no,,,,490.3604431152344,5.000946998596191,0.002056884765625,0.0072174072265625,0.0004241943359375,G:\xiaz\FLAME 3 CV Dataset (Sycan Marsh)\Fire\RGB\Corrected FOV\00243.JPG,G:\xiaz\FLAME 3 CV Dataset (Sycan Marsh)\Fire\Thermal\Raw JPG\00243.JPG,G:\xiaz\FLAME 3 CV Dataset (Sycan Marsh)\Fire\Thermal\Celsius TIFF\00243.TIFF,G:\py2\experiments\flame3_temperature_pseudolabels_preregistered\train_mask_templates\fire\00243.png,C:\Users\钱鹏程QQ78293044\Documents\论文2\flame3_semantic_annotation_subset_150_20260808_final\pseudo_mask_seeds\A114.png
A115,train,small_or_weak_fire_core,fire/00577,C:\Users\钱鹏程QQ78293044\Documents\论文2\flame3_semantic_annotation_subset_150_20260808_final\visuals\A115_fire_00577.jpg,Fire,00577,,,,,,,,,not_started,,,2022-10-27 15:43:18,5,,"Small or comparatively low-temperature Fire core; review weak, distant, smoke-obscured and edge fire pixels.",no,,,,453.3556823730469,12.553546905517578,0.00184326171875,0.0060089111328125,0.00098876953125,G:\xiaz\FLAME 3 CV Dataset (Sycan Marsh)\Fire\RGB\Corrected FOV\00577.JPG,G:\xiaz\FLAME 3 CV Dataset (Sycan Marsh)\Fire\Thermal\Raw JPG\00577.JPG,G:\xiaz\FLAME 3 CV Dataset (Sycan Marsh)\Fire\Thermal\Celsius TIFF\00577.TIFF,G:\py2\experiments\flame3_temperature_pseudolabels_preregistered\train_mask_templates\fire\00577.png,C:\Users\钱鹏程QQ78293044\Documents\论文2\flame3_semantic_annotation_subset_150_20260808_final\pseudo_mask_seeds\A115.png
A116,train,small_or_weak_fire_core,fire/00618,C:\Users\钱鹏程QQ78293044\Documents\论文2\flame3_semantic_annotation_subset_150_20260808_final\visuals\A116_fire_00618.jpg,Fire,00618,,,,,,,,,not_started,,,2022-10-27 19:01:01,8,,"Small or comparatively low-temperature Fire core; review weak, distant, smoke-obscured and edge fire pixels.",no,,,,547.7726440429688,9.236433029174805,0.0032440185546875,0.011749267578125,0.0021942138671875,G:\xiaz\FLAME 3 CV Dataset (Sycan Marsh)\Fire\RGB\Corrected FOV\00618.JPG,G:\xiaz\FLAME 3 CV Dataset (Sycan Marsh)\Fire\Thermal\Raw JPG\00618.JPG,G:\xiaz\FLAME 3 CV Dataset (Sycan Marsh)\Fire\Thermal\Celsius TIFF\00618.TIFF,G:\py2\experiments\flame3_temperature_pseudolabels_preregistered\train_mask_templates\fire\00618.png,C:\Users\钱鹏程QQ78293044\Documents\论文2\flame3_semantic_annotation_subset_150_20260808_final\pseudo_mask_seeds\A116.png
A117,train,small_or_weak_fire_core,fire/00574,C:\Users\钱鹏程QQ78293044\Documents\论文2\flame3_semantic_annotation_subset_150_20260808_final\visuals\A117_fire_00574.jpg,Fire,00574,,,,,,,,,not_started,,,2022-10-27 19:01:13,8,,"Small or comparatively low-temperature Fire core; review weak, distant, smoke-obscured and edge fire pixels.",no,,,,483.5095520019531,12.901293754577637,0.0027984619140625,0.00863037109375,0.002142333984375,G:\xiaz\FLAME 3 CV Dataset (Sycan Marsh)\Fire\RGB\Corrected FOV\00574.JPG,G:\xiaz\FLAME 3 CV Dataset (Sycan Marsh)\Fire\Thermal\Raw JPG\00574.JPG,G:\xiaz\FLAME 3 CV Dataset (Sycan Marsh)\Fire\Thermal\Celsius TIFF\00574.TIFF,G:\py2\experiments\flame3_temperature_pseudolabels_preregistered\train_mask_templates\fire\00574.png,C:\Users\钱鹏程QQ78293044\Documents\论文2\flame3_semantic_annotation_subset_150_20260808_final\pseudo_mask_seeds\A117.png
A118,train,boundary_complex_fire_core,fire/00148,C:\Users\钱鹏程QQ78293044\Documents\论文2\flame3_semantic_annotation_subset_150_20260808_final\visuals\A118_fire_00148.jpg,Fire,00148,,,,,,,,,not_started,,,2022-10-27 17:49:20,7,,Large ignored boundary relative to the Fire core or many small components; review narrow propagation fronts and pseudo-label boundary completeness.,no,,,,276.0141906738281,-9.414102554321289,0.0001708984375,0.0035675048828125,0.0006683349609375,G:\xiaz\FLAME 3 CV Dataset (Sycan Marsh)\Fire\RGB\Corrected FOV\00148.JPG,G:\xiaz\FLAME 3 CV Dataset (Sycan Marsh)\Fire\Thermal\Raw JPG\00148.JPG,G:\xiaz\FLAME 3 CV Dataset (Sycan Marsh)\Fire\Thermal\Celsius TIFF\00148.TIFF,G:\py2\experiments\flame3_temperature_pseudolabels_preregistered\train_mask_templates\fire\00148.png,C:\Users\钱鹏程QQ78293044\Documents\论文2\flame3_semantic_annotation_subset_150_20260808_final\pseudo_mask_seeds\A118.png
A119,train,boundary_complex_fire_core,fire/00509,C:\Users\钱鹏程QQ78293044\Documents\论文2\flame3_semantic_annotation_subset_150_20260808_final\visuals\A119_fire_00509.jpg,Fire,00509,,,,,,,,,not_started,,,2022-10-27 17:49:35,7,,Large ignored boundary relative to the Fire core or many small components; review narrow propagation fronts and pseudo-label boundary completeness.,no,,,,272.7660217285156,-9.078794479370117,0.0001678466796875,0.0026580810546875,0.0008209228515625,G:\xiaz\FLAME 3 CV Dataset (Sycan Marsh)\Fire\RGB\Corrected FOV\00509.JPG,G:\xiaz\FLAME 3 CV Dataset (Sycan Marsh)\Fire\Thermal\Raw JPG\00509.JPG,G:\xiaz\FLAME 3 CV Dataset (Sycan Marsh)\Fire\Thermal\Celsius TIFF\00509.TIFF,G:\py2\experiments\flame3_temperature_pseudolabels_preregistered\train_mask_templates\fire\00509.png,C:\Users\钱鹏程QQ78293044\Documents\论文2\flame3_semantic_annotation_subset_150_20260808_final\pseudo_mask_seeds\A119.png
A120,train,boundary_complex_fire_core,fire/00425,C:\Users\钱鹏程QQ78293044\Documents\论文2\flame3_semantic_annotation_subset_150_20260808_final\visuals\A120_fire_00425.jpg,Fire,00425,,,,,,,,,not_started,,,2022-10-27 17:49:08,7,,Large ignored boundary relative to the Fire core or many small components; review narrow propagation fronts and pseudo-label boundary completeness.,no,,,,233.920654296875,-10.409364700317383,0.000140380859375,0.0020416259765625,0.00137939453125,G:\xiaz\FLAME 3 CV Dataset (Sycan Marsh)\Fire\RGB\Corrected FOV\00425.JPG,G:\xiaz\FLAME 3 CV Dataset (Sycan Marsh)\Fire\Thermal\Raw JPG\00425.JPG,G:\xiaz\FLAME 3 CV Dataset (Sycan Marsh)\Fire\Thermal\Celsius TIFF\00425.TIFF,G:\py2\experiments\flame3_temperature_pseudolabels_preregistered\train_mask_templates\fire\00425.png,C:\Users\钱鹏程QQ78293044\Documents\论文2\flame3_semantic_annotation_subset_150_20260808_final\pseudo_mask_seeds\A120.png
A121,train,boundary_complex_fire_core,fire/00329,C:\Users\钱鹏程QQ78293044\Documents\论文2\flame3_semantic_annotation_subset_150_20260808_final\visuals\A121_fire_00329.jpg,Fire,00329,,,,,,,,,not_started,,,2022-10-27 17:49:53,7,,Large ignored boundary relative to the Fire core or many small components; review narrow propagation fronts and pseudo-label boundary completeness.,no,,,,286.3567810058594,4.454624652862549,0.000250244140625,0.0032562255859375,0.0008453369140625,G:\xiaz\FLAME 3 CV Dataset (Sycan Marsh)\Fire\RGB\Corrected FOV\00329.JPG,G:\xiaz\FLAME 3 CV Dataset (Sycan Marsh)\Fire\Thermal\Raw JPG\00329.JPG,G:\xiaz\FLAME 3 CV Dataset (Sycan Marsh)\Fire\Thermal\Celsius TIFF\00329.TIFF,G:\py2\experiments\flame3_temperature_pseudolabels_preregistered\train_mask_templates\fire\00329.png,C:\Users\钱鹏程QQ78293044\Documents\论文2\flame3_semantic_annotation_subset_150_20260808_final\pseudo_mask_seeds\A121.png
A122,train,boundary_complex_fire_core,fire/00299,C:\Users\钱鹏程QQ78293044\Documents\论文2\flame3_semantic_annotation_subset_150_20260808_final\visuals\A122_fire_00299.jpg,Fire,00299,,,,,,,,,not_started,,,2022-10-27 17:46:58,7,,Large ignored boundary relative to the Fire core or many small components; review narrow propagation fronts and pseudo-label boundary completeness.,no,,,,537.3501586914062,31.457122802734375,0.0361083984375,0.0888519287109375,0.00931396484375,G:\xiaz\FLAME 3 CV Dataset (Sycan Marsh)\Fire\RGB\Corrected FOV\00299.JPG,G:\xiaz\FLAME 3 CV Dataset (Sycan Marsh)\Fire\Thermal\Raw JPG\00299.JPG,G:\xiaz\FLAME 3 CV Dataset (Sycan Marsh)\Fire\Thermal\Celsius TIFF\00299.TIFF,G:\py2\experiments\flame3_temperature_pseudolabels_preregistered\train_mask_templates\fire\00299.png,C:\Users\钱鹏程QQ78293044\Documents\论文2\flame3_semantic_annotation_subset_150_20260808_final\pseudo_mask_seeds\A122.png
A123,train,boundary_complex_fire_core,fire/00233,C:\Users\钱鹏程QQ78293044\Documents\论文2\flame3_semantic_annotation_subset_150_20260808_final\visuals\A123_fire_00233.jpg,Fire,00233,,,,,,,,,not_started,,,2022-10-27 17:48:56,7,,Large ignored boundary relative to the Fire core or many small components; review narrow propagation fronts and pseudo-label boundary completeness.,no,,,,275.6387023925781,-3.123023509979248,0.0003936767578125,0.00382080078125,0.0011810302734375,G:\xiaz\FLAME 3 CV Dataset (Sycan Marsh)\Fire\RGB\Corrected FOV\00233.JPG,G:\xiaz\FLAME 3 CV Dataset (Sycan Marsh)\Fire\Thermal\Raw JPG\00233.JPG,G:\xiaz\FLAME 3 CV Dataset (Sycan Marsh)\Fire\Thermal\Celsius TIFF\00233.TIFF,G:\py2\experiments\flame3_temperature_pseudolabels_preregistered\train_mask_templates\fire\00233.png,C:\Users\钱鹏程QQ78293044\Documents\论文2\flame3_semantic_annotation_subset_150_20260808_final\pseudo_mask_seeds\A123.png
A124,train,boundary_complex_fire_core,fire/00478,C:\Users\钱鹏程QQ78293044\Documents\论文2\flame3_semantic_annotation_subset_150_20260808_final\visuals\A124_fire_00478.jpg,Fire,00478,,,,,,,,,not_started,,,2022-10-26 18:34:00,1,,Large ignored boundary relative to the Fire core or many small components; review narrow propagation fronts and pseudo-label boundary completeness.,no,,,,524.960205078125,3.2883636951446533,0.00096435546875,0.0074737548828125,0.000836181640625,G:\xiaz\FLAME 3 CV Dataset (Sycan Marsh)\Fire\RGB\Corrected FOV\00478.JPG,G:\xiaz\FLAME 3 CV Dataset (Sycan Marsh)\Fire\Thermal\Raw JPG\00478.JPG,G:\xiaz\FLAME 3 CV Dataset (Sycan Marsh)\Fire\Thermal\Celsius TIFF\00478.TIFF,G:\py2\experiments\flame3_temperature_pseudolabels_preregistered\train_mask_templates\fire\00478.png,C:\Users\钱鹏程QQ78293044\Documents\论文2\flame3_semantic_annotation_subset_150_20260808_final\pseudo_mask_seeds\A124.png
A125,train,boundary_complex_fire_core,fire/00384,C:\Users\钱鹏程QQ78293044\Documents\论文2\flame3_semantic_annotation_subset_150_20260808_final\visuals\A125_fire_00384.jpg,Fire,00384,,,,,,,,,not_started,,,2022-10-26 18:34:18,1,,Large ignored boundary relative to the Fire core or many small components; review narrow propagation fronts and pseudo-label boundary completeness.,no,,,,500.1681823730469,3.1304595470428467,0.0009765625,0.00706787109375,0.000909423828125,G:\xiaz\FLAME 3 CV Dataset (Sycan Marsh)\Fire\RGB\Corrected FOV\00384.JPG,G:\xiaz\FLAME 3 CV Dataset (Sycan Marsh)\Fire\Thermal\Raw JPG\00384.JPG,G:\xiaz\FLAME 3 CV Dataset (Sycan Marsh)\Fire\Thermal\Celsius TIFF\00384.TIFF,G:\py2\experiments\flame3_temperature_pseudolabels_preregistered\train_mask_templates\fire\00384.png,C:\Users\钱鹏程QQ78293044\Documents\论文2\flame3_semantic_annotation_subset_150_20260808_final\pseudo_mask_seeds\A125.png
A126,train,boundary_complex_fire_core,fire/00370,C:\Users\钱鹏程QQ78293044\Documents\论文2\flame3_semantic_annotation_subset_150_20260808_final\visuals\A126_fire_00370.jpg,Fire,00370,,,,,,,,,not_started,,,2022-10-26 18:32:06,1,,Large ignored boundary relative to the Fire core or many small components; review narrow propagation fronts and pseudo-label boundary completeness.,no,,,,608.6897583007812,7.0338850021362305,0.00145263671875,0.0098846435546875,0.0004791259765625,G:\xiaz\FLAME 3 CV Dataset (Sycan Marsh)\Fire\RGB\Corrected FOV\00370.JPG,G:\xiaz\FLAME 3 CV Dataset (Sycan Marsh)\Fire\Thermal\Raw JPG\00370.JPG,G:\xiaz\FLAME 3 CV Dataset (Sycan Marsh)\Fire\Thermal\Celsius TIFF\00370.TIFF,G:\py2\experiments\flame3_temperature_pseudolabels_preregistered\train_mask_templates\fire\00370.png,C:\Users\钱鹏程QQ78293044\Documents\论文2\flame3_semantic_annotation_subset_150_20260808_final\pseudo_mask_seeds\A126.png
A127,train,boundary_complex_fire_core,fire/00341,C:\Users\钱鹏程QQ78293044\Documents\论文2\flame3_semantic_annotation_subset_150_20260808_final\visuals\A127_fire_00341.jpg,Fire,00341,,,,,,,,,not_started,,,2022-10-26 18:33:33,1,,Large ignored boundary relative to the Fire core or many small components; review narrow propagation fronts and pseudo-label boundary completeness.,no,,,,461.9144592285156,6.7479448318481445,0.0008270263671875,0.005841064453125,0.000732421875,G:\xiaz\FLAME 3 CV Dataset (Sycan Marsh)\Fire\RGB\Corrected FOV\00341.JPG,G:\xiaz\FLAME 3 CV Dataset (Sycan Marsh)\Fire\Thermal\Raw JPG\00341.JPG,G:\xiaz\FLAME 3 CV Dataset (Sycan Marsh)\Fire\Thermal\Celsius TIFF\00341.TIFF,G:\py2\experiments\flame3_temperature_pseudolabels_preregistered\train_mask_templates\fire\00341.png,C:\Users\钱鹏程QQ78293044\Documents\论文2\flame3_semantic_annotation_subset_150_20260808_final\pseudo_mask_seeds\A127.png
A128,train,boundary_complex_fire_core,fire/00579,C:\Users\钱鹏程QQ78293044\Documents\论文2\flame3_semantic_annotation_subset_150_20260808_final\visuals\A128_fire_00579.jpg,Fire,00579,,,,,,,,,not_started,,,2022-10-26 18:33:45,1,,Large ignored boundary relative to the Fire core or many small components; review narrow propagation fronts and pseudo-label boundary completeness.,no,,,,470.1354675292969,5.875861167907715,0.0009033203125,0.006390380859375,0.00101318359375,G:\xiaz\FLAME 3 CV Dataset (Sycan Marsh)\Fire\RGB\Corrected FOV\00579.JPG,G:\xiaz\FLAME 3 CV Dataset (Sycan Marsh)\Fire\Thermal\Raw JPG\00579.JPG,G:\xiaz\FLAME 3 CV Dataset (Sycan Marsh)\Fire\Thermal\Celsius TIFF\00579.TIFF,G:\py2\experiments\flame3_temperature_pseudolabels_preregistered\train_mask_templates\fire\00579.png,C:\Users\钱鹏程QQ78293044\Documents\论文2\flame3_semantic_annotation_subset_150_20260808_final\pseudo_mask_seeds\A128.png
A129,train,boundary_complex_fire_core,fire/00126,C:\Users\钱鹏程QQ78293044\Documents\论文2\flame3_semantic_annotation_subset_150_20260808_final\visuals\A129_fire_00126.jpg,Fire,00126,,,,,,,,,not_started,,,2022-10-27 15:42:00,5,,Large ignored boundary relative to the Fire core or many small components; review narrow propagation fronts and pseudo-label boundary completeness.,no,,,,383.1623840332031,8.277811050415039,0.000177001953125,0.001348876953125,0.000677490234375,G:\xiaz\FLAME 3 CV Dataset (Sycan Marsh)\Fire\RGB\Corrected FOV\00126.JPG,G:\xiaz\FLAME 3 CV Dataset (Sycan Marsh)\Fire\Thermal\Raw JPG\00126.JPG,G:\xiaz\FLAME 3 CV Dataset (Sycan Marsh)\Fire\Thermal\Celsius TIFF\00126.TIFF,G:\py2\experiments\flame3_temperature_pseudolabels_preregistered\train_mask_templates\fire\00126.png,C:\Users\钱鹏程QQ78293044\Documents\论文2\flame3_semantic_annotation_subset_150_20260808_final\pseudo_mask_seeds\A129.png
A130,train,boundary_complex_fire_core,fire/00216,C:\Users\钱鹏程QQ78293044\Documents\论文2\flame3_semantic_annotation_subset_150_20260808_final\visuals\A130_fire_00216.jpg,Fire,00216,,,,,,,,,not_started,,,2022-10-26 18:34:53,1,,Large ignored boundary relative to the Fire core or many small components; review narrow propagation fronts and pseudo-label boundary completeness.,no,,,,482.3959655761719,4.85929536819458,0.0008941650390625,0.0061492919921875,0.0012939453125,G:\xiaz\FLAME 3 CV Dataset (Sycan Marsh)\Fire\RGB\Corrected FOV\00216.JPG,G:\xiaz\FLAME 3 CV Dataset (Sycan Marsh)\Fire\Thermal\Raw JPG\00216.JPG,G:\xiaz\FLAME 3 CV Dataset (Sycan Marsh)\Fire\Thermal\Celsius TIFF\00216.TIFF,G:\py2\experiments\flame3_temperature_pseudolabels_preregistered\train_mask_templates\fire\00216.png,C:\Users\钱鹏程QQ78293044\Documents\论文2\flame3_semantic_annotation_subset_150_20260808_final\pseudo_mask_seeds\A130.png
A131,train,boundary_complex_fire_core,fire/00069,C:\Users\钱鹏程QQ78293044\Documents\论文2\flame3_semantic_annotation_subset_150_20260808_final\visuals\A131_fire_00069.jpg,Fire,00069,,,,,,,,,not_started,,,2022-10-27 19:00:28,8,,Large ignored boundary relative to the Fire core or many small components; review narrow propagation fronts and pseudo-label boundary completeness.,no,,,,440.2782287597656,15.887214660644531,0.00689697265625,0.0265472412109375,0.0082427978515625,G:\xiaz\FLAME 3 CV Dataset (Sycan Marsh)\Fire\RGB\Corrected FOV\00069.JPG,G:\xiaz\FLAME 3 CV Dataset (Sycan Marsh)\Fire\Thermal\Raw JPG\00069.JPG,G:\xiaz\FLAME 3 CV Dataset (Sycan Marsh)\Fire\Thermal\Celsius TIFF\00069.TIFF,G:\py2\experiments\flame3_temperature_pseudolabels_preregistered\train_mask_templates\fire\00069.png,C:\Users\钱鹏程QQ78293044\Documents\论文2\flame3_semantic_annotation_subset_150_20260808_final\pseudo_mask_seeds\A131.png
A132,train,boundary_complex_fire_core,fire/00563,C:\Users\钱鹏程QQ78293044\Documents\论文2\flame3_semantic_annotation_subset_150_20260808_final\visuals\A132_fire_00563.jpg,Fire,00563,,,,,,,,,not_started,,,2022-10-27 19:00:40,8,,Large ignored boundary relative to the Fire core or many small components; review narrow propagation fronts and pseudo-label boundary completeness.,no,,,,566.3093872070312,16.482553482055664,0.010064697265625,0.030126953125,0.0077423095703125,G:\xiaz\FLAME 3 CV Dataset (Sycan Marsh)\Fire\RGB\Corrected FOV\00563.JPG,G:\xiaz\FLAME 3 CV Dataset (Sycan Marsh)\Fire\Thermal\Raw JPG\00563.JPG,G:\xiaz\FLAME 3 CV Dataset (Sycan Marsh)\Fire\Thermal\Celsius TIFF\00563.TIFF,G:\py2\experiments\flame3_temperature_pseudolabels_preregistered\train_mask_templates\fire\00563.png,C:\Users\钱鹏程QQ78293044\Documents\论文2\flame3_semantic_annotation_subset_150_20260808_final\pseudo_mask_seeds\A132.png
A133,train,boundary_complex_fire_core,fire/00293,C:\Users\钱鹏程QQ78293044\Documents\论文2\flame3_semantic_annotation_subset_150_20260808_final\visuals\A133_fire_00293.jpg,Fire,00293,,,,,,,,,not_started,,,2022-10-27 19:00:52,8,,Large ignored boundary relative to the Fire core or many small components; review narrow propagation fronts and pseudo-label boundary completeness.,no,,,,535.6009521484375,9.772734642028809,0.006036376953125,0.0210723876953125,0.004034423828125,G:\xiaz\FLAME 3 CV Dataset (Sycan Marsh)\Fire\RGB\Corrected FOV\00293.JPG,G:\xiaz\FLAME 3 CV Dataset (Sycan Marsh)\Fire\Thermal\Raw JPG\00293.JPG,G:\xiaz\FLAME 3 CV Dataset (Sycan Marsh)\Fire\Thermal\Celsius TIFF\00293.TIFF,G:\py2\experiments\flame3_temperature_pseudolabels_preregistered\train_mask_templates\fire\00293.png,C:\Users\钱鹏程QQ78293044\Documents\论文2\flame3_semantic_annotation_subset_150_20260808_final\pseudo_mask_seeds\A133.png
A134,train,boundary_complex_fire_core,fire/00460,C:\Users\钱鹏程QQ78293044\Documents\论文2\flame3_semantic_annotation_subset_150_20260808_final\visuals\A134_fire_00460.jpg,Fire,00460,,,,,,,,,not_started,,,2022-10-27 15:41:45,5,,Large ignored boundary relative to the Fire core or many small components; review narrow propagation fronts and pseudo-label boundary completeness.,no,,,,467.0061340332031,6.003788948059082,0.0012481689453125,0.0051849365234375,0.00091552734375,G:\xiaz\FLAME 3 CV Dataset (Sycan Marsh)\Fire\RGB\Corrected FOV\00460.JPG,G:\xiaz\FLAME 3 CV Dataset (Sycan Marsh)\Fire\Thermal\Raw JPG\00460.JPG,G:\xiaz\FLAME 3 CV Dataset (Sycan Marsh)\Fire\Thermal\Celsius TIFF\00460.TIFF,G:\py2\experiments\flame3_temperature_pseudolabels_preregistered\train_mask_templates\fire\00460.png,C:\Users\钱鹏程QQ78293044\Documents\论文2\flame3_semantic_annotation_subset_150_20260808_final\pseudo_mask_seeds\A134.png
A135,train,boundary_complex_fire_core,fire/00282,C:\Users\钱鹏程QQ78293044\Documents\论文2\flame3_semantic_annotation_subset_150_20260808_final\visuals\A135_fire_00282.jpg,Fire,00282,,,,,,,,,not_started,,,2022-10-26 19:11:48,3,,Large ignored boundary relative to the Fire core or many small components; review narrow propagation fronts and pseudo-label boundary completeness.,no,,,,503.4203186035156,4.38756799697876,0.002288818359375,0.00863037109375,0.000469970703125,G:\xiaz\FLAME 3 CV Dataset (Sycan Marsh)\Fire\RGB\Corrected FOV\00282.JPG,G:\xiaz\FLAME 3 CV Dataset (Sycan Marsh)\Fire\Thermal\Raw JPG\00282.JPG,G:\xiaz\FLAME 3 CV Dataset (Sycan Marsh)\Fire\Thermal\Celsius TIFF\00282.TIFF,G:\py2\experiments\flame3_temperature_pseudolabels_preregistered\train_mask_templates\fire\00282.png,C:\Users\钱鹏程QQ78293044\Documents\论文2\flame3_semantic_annotation_subset_150_20260808_final\pseudo_mask_seeds\A135.png
A136,train,boundary_complex_fire_core,fire/00298,C:\Users\钱鹏程QQ78293044\Documents\论文2\flame3_semantic_annotation_subset_150_20260808_final\visuals\A136_fire_00298.jpg,Fire,00298,,,,,,,,,not_started,,,2022-10-26 19:12:22,3,,Large ignored boundary relative to the Fire core or many small components; review narrow propagation fronts and pseudo-label boundary completeness.,no,,,,501.5406188964844,4.465374946594238,0.002264404296875,0.008551025390625,0.0005584716796875,G:\xiaz\FLAME 3 CV Dataset (Sycan Marsh)\Fire\RGB\Corrected FOV\00298.JPG,G:\xiaz\FLAME 3 CV Dataset (Sycan Marsh)\Fire\Thermal\Raw JPG\00298.JPG,G:\xiaz\FLAME 3 CV Dataset (Sycan Marsh)\Fire\Thermal\Celsius TIFF\00298.TIFF,G:\py2\experiments\flame3_temperature_pseudolabels_preregistered\train_mask_templates\fire\00298.png,C:\Users\钱鹏程QQ78293044\Documents\论文2\flame3_semantic_annotation_subset_150_20260808_final\pseudo_mask_seeds\A136.png
A137,train,boundary_complex_fire_core,fire/00378,C:\Users\钱鹏程QQ78293044\Documents\论文2\flame3_semantic_annotation_subset_150_20260808_final\visuals\A137_fire_00378.jpg,Fire,00378,,,,,,,,,not_started,,,2022-10-26 19:12:00,3,,Large ignored boundary relative to the Fire core or many small components; review narrow propagation fronts and pseudo-label boundary completeness.,no,,,,516.21142578125,3.3220760822296143,0.0023345947265625,0.00863037109375,0.0004974365234375,G:\xiaz\FLAME 3 CV Dataset (Sycan Marsh)\Fire\RGB\Corrected FOV\00378.JPG,G:\xiaz\FLAME 3 CV Dataset (Sycan Marsh)\Fire\Thermal\Raw JPG\00378.JPG,G:\xiaz\FLAME 3 CV Dataset (Sycan Marsh)\Fire\Thermal\Celsius TIFF\00378.TIFF,G:\py2\experiments\flame3_temperature_pseudolabels_preregistered\train_mask_templates\fire\00378.png,C:\Users\钱鹏程QQ78293044\Documents\论文2\flame3_semantic_annotation_subset_150_20260808_final\pseudo_mask_seeds\A137.png
A138,train,no_fire_hotspot_negative,no_fire/00102,C:\Users\钱鹏程QQ78293044\Documents\论文2\flame3_semantic_annotation_subset_150_20260808_final\visuals\A138_no_fire_00102.jpg,No Fire,00102,,,,,,,,,not_started,,,2022-10-25 17:05:06,,0,"No-Fire frame with relatively strong thermal response; review hot ground, reflection and true hard-negative appearance.",no,,,,47.18785858154297,9.899752616882324,0.0,0.0,0.0,G:\xiaz\FLAME 3 CV Dataset (Sycan Marsh)\No Fire\RGB\Corrected FOV\00102.JPG,G:\xiaz\FLAME 3 CV Dataset (Sycan Marsh)\No Fire\Thermal\Raw JPG\00102.JPG,G:\xiaz\FLAME 3 CV Dataset (Sycan Marsh)\No Fire\Thermal\Celsius TIFF\00102.TIFF,G:\py2\experiments\flame3_temperature_pseudolabels_preregistered\train_mask_templates\no_fire\00102.png,C:\Users\钱鹏程QQ78293044\Documents\论文2\flame3_semantic_annotation_subset_150_20260808_final\pseudo_mask_seeds\A138.png
A139,train,no_fire_hotspot_negative,no_fire/00003,C:\Users\钱鹏程QQ78293044\Documents\论文2\flame3_semantic_annotation_subset_150_20260808_final\visuals\A139_no_fire_00003.jpg,No Fire,00003,,,,,,,,,not_started,,,2022-10-25 17:05:00,,0,"No-Fire frame with relatively strong thermal response; review hot ground, reflection and true hard-negative appearance.",no,,,,47.02935028076172,10.032268524169922,0.0,0.0,0.0,G:\xiaz\FLAME 3 CV Dataset (Sycan Marsh)\No Fire\RGB\Corrected FOV\00003.JPG,G:\xiaz\FLAME 3 CV Dataset (Sycan Marsh)\No Fire\Thermal\Raw JPG\00003.JPG,G:\xiaz\FLAME 3 CV Dataset (Sycan Marsh)\No Fire\Thermal\Celsius TIFF\00003.TIFF,G:\py2\experiments\flame3_temperature_pseudolabels_preregistered\train_mask_templates\no_fire\00003.png,C:\Users\钱鹏程QQ78293044\Documents\论文2\flame3_semantic_annotation_subset_150_20260808_final\pseudo_mask_seeds\A139.png
A140,train,no_fire_hotspot_negative,no_fire/00106,C:\Users\钱鹏程QQ78293044\Documents\论文2\flame3_semantic_annotation_subset_150_20260808_final\visuals\A140_no_fire_00106.jpg,No Fire,00106,,,,,,,,,not_started,,,2022-10-25 17:05:17,,0,"No-Fire frame with relatively strong thermal response; review hot ground, reflection and true hard-negative appearance.",no,,,,46.79381561279297,9.366670608520508,0.0,0.0,0.0,G:\xiaz\FLAME 3 CV Dataset (Sycan Marsh)\No Fire\RGB\Corrected FOV\00106.JPG,G:\xiaz\FLAME 3 CV Dataset (Sycan Marsh)\No Fire\Thermal\Raw JPG\00106.JPG,G:\xiaz\FLAME 3 CV Dataset (Sycan Marsh)\No Fire\Thermal\Celsius TIFF\00106.TIFF,G:\py2\experiments\flame3_temperature_pseudolabels_preregistered\train_mask_templates\no_fire\00106.png,C:\Users\钱鹏程QQ78293044\Documents\论文2\flame3_semantic_annotation_subset_150_20260808_final\pseudo_mask_seeds\A140.png
A141,train,no_fire_hotspot_negative,no_fire/00079,C:\Users\钱鹏程QQ78293044\Documents\论文2\flame3_semantic_annotation_subset_150_20260808_final\visuals\A141_no_fire_00079.jpg,No Fire,00079,,,,,,,,,not_started,,,2022-10-25 17:05:20,,0,"No-Fire frame with relatively strong thermal response; review hot ground, reflection and true hard-negative appearance.",no,,,,44.981895446777344,11.428900718688965,0.0,0.0,0.0,G:\xiaz\FLAME 3 CV Dataset (Sycan Marsh)\No Fire\RGB\Corrected FOV\00079.JPG,G:\xiaz\FLAME 3 CV Dataset (Sycan Marsh)\No Fire\Thermal\Raw JPG\00079.JPG,G:\xiaz\FLAME 3 CV Dataset (Sycan Marsh)\No Fire\Thermal\Celsius TIFF\00079.TIFF,G:\py2\experiments\flame3_temperature_pseudolabels_preregistered\train_mask_templates\no_fire\00079.png,C:\Users\钱鹏程QQ78293044\Documents\论文2\flame3_semantic_annotation_subset_150_20260808_final\pseudo_mask_seeds\A141.png
A142,train,no_fire_hotspot_negative,no_fire/00011,C:\Users\钱鹏程QQ78293044\Documents\论文2\flame3_semantic_annotation_subset_150_20260808_final\visuals\A142_no_fire_00011.jpg,No Fire,00011,,,,,,,,,not_started,,,2022-10-25 17:05:15,,0,"No-Fire frame with relatively strong thermal response; review hot ground, reflection and true hard-negative appearance.",no,,,,42.372215270996094,10.005863189697266,0.0,0.0,0.0,G:\xiaz\FLAME 3 CV Dataset (Sycan Marsh)\No Fire\RGB\Corrected FOV\00011.JPG,G:\xiaz\FLAME 3 CV Dataset (Sycan Marsh)\No Fire\Thermal\Raw JPG\00011.JPG,G:\xiaz\FLAME 3 CV Dataset (Sycan Marsh)\No Fire\Thermal\Celsius TIFF\00011.TIFF,G:\py2\experiments\flame3_temperature_pseudolabels_preregistered\train_mask_templates\no_fire\00011.png,C:\Users\钱鹏程QQ78293044\Documents\论文2\flame3_semantic_annotation_subset_150_20260808_final\pseudo_mask_seeds\A142.png
A143,train,no_fire_hotspot_negative,no_fire/00080,C:\Users\钱鹏程QQ78293044\Documents\论文2\flame3_semantic_annotation_subset_150_20260808_final\visuals\A143_no_fire_00080.jpg,No Fire,00080,,,,,,,,,not_started,,,2022-10-25 17:05:12,,0,"No-Fire frame with relatively strong thermal response; review hot ground, reflection and true hard-negative appearance.",no,,,,41.97631072998047,10.93596076965332,0.0,0.0,0.0,G:\xiaz\FLAME 3 CV Dataset (Sycan Marsh)\No Fire\RGB\Corrected FOV\00080.JPG,G:\xiaz\FLAME 3 CV Dataset (Sycan Marsh)\No Fire\Thermal\Raw JPG\00080.JPG,G:\xiaz\FLAME 3 CV Dataset (Sycan Marsh)\No Fire\Thermal\Celsius TIFF\00080.TIFF,G:\py2\experiments\flame3_temperature_pseudolabels_preregistered\train_mask_templates\no_fire\00080.png,C:\Users\钱鹏程QQ78293044\Documents\论文2\flame3_semantic_annotation_subset_150_20260808_final\pseudo_mask_seeds\A143.png
A144,train,no_fire_hotspot_negative,no_fire/00058,C:\Users\钱鹏程QQ78293044\Documents\论文2\flame3_semantic_annotation_subset_150_20260808_final\visuals\A144_no_fire_00058.jpg,No Fire,00058,,,,,,,,,not_started,,,2022-10-25 17:04:57,,0,"No-Fire frame with relatively strong thermal response; review hot ground, reflection and true hard-negative appearance.",no,,,,40.62578582763672,10.791247367858887,0.0,0.0,0.0,G:\xiaz\FLAME 3 CV Dataset (Sycan Marsh)\No Fire\RGB\Corrected FOV\00058.JPG,G:\xiaz\FLAME 3 CV Dataset (Sycan Marsh)\No Fire\Thermal\Raw JPG\00058.JPG,G:\xiaz\FLAME 3 CV Dataset (Sycan Marsh)\No Fire\Thermal\Celsius TIFF\00058.TIFF,G:\py2\experiments\flame3_temperature_pseudolabels_preregistered\train_mask_templates\no_fire\00058.png,C:\Users\钱鹏程QQ78293044\Documents\论文2\flame3_semantic_annotation_subset_150_20260808_final\pseudo_mask_seeds\A144.png
A145,train,no_fire_hotspot_negative,no_fire/00092,C:\Users\钱鹏程QQ78293044\Documents\论文2\flame3_semantic_annotation_subset_150_20260808_final\visuals\A145_no_fire_00092.jpg,No Fire,00092,,,,,,,,,not_started,,,2022-10-25 17:04:30,,0,"No-Fire frame with relatively strong thermal response; review hot ground, reflection and true hard-negative appearance.",no,,,,39.750511169433594,9.691269874572754,0.0,0.0,0.0,G:\xiaz\FLAME 3 CV Dataset (Sycan Marsh)\No Fire\RGB\Corrected FOV\00092.JPG,G:\xiaz\FLAME 3 CV Dataset (Sycan Marsh)\No Fire\Thermal\Raw JPG\00092.JPG,G:\xiaz\FLAME 3 CV Dataset (Sycan Marsh)\No Fire\Thermal\Celsius TIFF\00092.TIFF,G:\py2\experiments\flame3_temperature_pseudolabels_preregistered\train_mask_templates\no_fire\00092.png,C:\Users\钱鹏程QQ78293044\Documents\论文2\flame3_semantic_annotation_subset_150_20260808_final\pseudo_mask_seeds\A145.png
A146,train,no_fire_hotspot_negative,no_fire/00019,C:\Users\钱鹏程QQ78293044\Documents\论文2\flame3_semantic_annotation_subset_150_20260808_final\visuals\A146_no_fire_00019.jpg,No Fire,00019,,,,,,,,,not_started,,,2022-10-25 17:06:18,,0,"No-Fire frame with relatively strong thermal response; review hot ground, reflection and true hard-negative appearance.",no,,,,38.39562225341797,10.722718238830566,0.0,0.0,0.0,G:\xiaz\FLAME 3 CV Dataset (Sycan Marsh)\No Fire\RGB\Corrected FOV\00019.JPG,G:\xiaz\FLAME 3 CV Dataset (Sycan Marsh)\No Fire\Thermal\Raw JPG\00019.JPG,G:\xiaz\FLAME 3 CV Dataset (Sycan Marsh)\No Fire\Thermal\Celsius TIFF\00019.TIFF,G:\py2\experiments\flame3_temperature_pseudolabels_preregistered\train_mask_templates\no_fire\00019.png,C:\Users\钱鹏程QQ78293044\Documents\论文2\flame3_semantic_annotation_subset_150_20260808_final\pseudo_mask_seeds\A146.png
A147,train,no_fire_hotspot_negative,no_fire/00023,C:\Users\钱鹏程QQ78293044\Documents\论文2\flame3_semantic_annotation_subset_150_20260808_final\visuals\A147_no_fire_00023.jpg,No Fire,00023,,,,,,,,,not_started,,,2022-10-25 17:06:24,,0,"No-Fire frame with relatively strong thermal response; review hot ground, reflection and true hard-negative appearance.",no,,,,37.915977478027344,10.595087051391602,0.0,0.0,0.0,G:\xiaz\FLAME 3 CV Dataset (Sycan Marsh)\No Fire\RGB\Corrected FOV\00023.JPG,G:\xiaz\FLAME 3 CV Dataset (Sycan Marsh)\No Fire\Thermal\Raw JPG\00023.JPG,G:\xiaz\FLAME 3 CV Dataset (Sycan Marsh)\No Fire\Thermal\Celsius TIFF\00023.TIFF,G:\py2\experiments\flame3_temperature_pseudolabels_preregistered\train_mask_templates\no_fire\00023.png,C:\Users\钱鹏程QQ78293044\Documents\论文2\flame3_semantic_annotation_subset_150_20260808_final\pseudo_mask_seeds\A147.png
A148,train,no_fire_hotspot_negative,no_fire/00029,C:\Users\钱鹏程QQ78293044\Documents\论文2\flame3_semantic_annotation_subset_150_20260808_final\visuals\A148_no_fire_00029.jpg,No Fire,00029,,,,,,,,,not_started,,,2022-10-25 17:04:27,,0,"No-Fire frame with relatively strong thermal response; review hot ground, reflection and true hard-negative appearance.",no,,,,37.435935974121094,9.63101577758789,0.0,0.0,0.0,G:\xiaz\FLAME 3 CV Dataset (Sycan Marsh)\No Fire\RGB\Corrected FOV\00029.JPG,G:\xiaz\FLAME 3 CV Dataset (Sycan Marsh)\No Fire\Thermal\Raw JPG\00029.JPG,G:\xiaz\FLAME 3 CV Dataset (Sycan Marsh)\No Fire\Thermal\Celsius TIFF\00029.TIFF,G:\py2\experiments\flame3_temperature_pseudolabels_preregistered\train_mask_templates\no_fire\00029.png,C:\Users\钱鹏程QQ78293044\Documents\论文2\flame3_semantic_annotation_subset_150_20260808_final\pseudo_mask_seeds\A148.png
A149,train,no_fire_hotspot_negative,no_fire/00056,C:\Users\钱鹏程QQ78293044\Documents\论文2\flame3_semantic_annotation_subset_150_20260808_final\visuals\A149_no_fire_00056.jpg,No Fire,00056,,,,,,,,,not_started,,,2022-10-25 17:04:33,,0,"No-Fire frame with relatively strong thermal response; review hot ground, reflection and true hard-negative appearance.",no,,,,37.276145935058594,9.300210952758789,0.0,0.0,0.0,G:\xiaz\FLAME 3 CV Dataset (Sycan Marsh)\No Fire\RGB\Corrected FOV\00056.JPG,G:\xiaz\FLAME 3 CV Dataset (Sycan Marsh)\No Fire\Thermal\Raw JPG\00056.JPG,G:\xiaz\FLAME 3 CV Dataset (Sycan Marsh)\No Fire\Thermal\Celsius TIFF\00056.TIFF,G:\py2\experiments\flame3_temperature_pseudolabels_preregistered\train_mask_templates\no_fire\00056.png,C:\Users\钱鹏程QQ78293044\Documents\论文2\flame3_semantic_annotation_subset_150_20260808_final\pseudo_mask_seeds\A149.png
A150,train,no_fire_hotspot_negative,no_fire/00033,C:\Users\钱鹏程QQ78293044\Documents\论文2\flame3_semantic_annotation_subset_150_20260808_final\visuals\A150_no_fire_00033.jpg,No Fire,00033,,,,,,,,,not_started,,,2022-10-25 17:06:21,,0,"No-Fire frame with relatively strong thermal response; review hot ground, reflection and true hard-negative appearance.",no,,,,37.276145935058594,11.619684219360352,0.0,0.0,0.0,G:\xiaz\FLAME 3 CV Dataset (Sycan Marsh)\No Fire\RGB\Corrected FOV\00033.JPG,G:\xiaz\FLAME 3 CV Dataset (Sycan Marsh)\No Fire\Thermal\Raw JPG\00033.JPG,G:\xiaz\FLAME 3 CV Dataset (Sycan Marsh)\No Fire\Thermal\Celsius TIFF\00033.TIFF,G:\py2\experiments\flame3_temperature_pseudolabels_preregistered\train_mask_templates\no_fire\00033.png,C:\Users\钱鹏程QQ78293044\Documents\论文2\flame3_semantic_annotation_subset_150_20260808_final\pseudo_mask_seeds\A150.png
